sample,spec,se_type,term,year,estimate,std.error,conf.low,conf.high,statistic,p.value,vcov_repair_required,vcov_repaired
main_1972_start,minimal_full_panel,heteroskedastic,es_1972,1972,1.5348213288016914e-4,0.0031146876482269765,-0.005951193480736463,0.006258157746496802,0.04927689393430453,0.9606997721271506,FALSE,FALSE
main_1972_start,minimal_full_panel,heteroskedastic,es_1976,1976,-0.007392134206754636,0.005667330813526135,-0.018499898489739944,0.0037156300762306704,-1.3043413998547495,0.1921519500201381,FALSE,FALSE
main_1972_start,minimal_full_panel,heteroskedastic,es_1980,1980,-0.007256911167998781,0.005647172362057728,-0.018325165612121913,0.003811343276124349,-1.2850521823552934,0.19880849691010785,FALSE,FALSE
main_1972_start,minimal_full_panel,heteroskedastic,es_1984,1984,-6.256487718885523e-4,0.0032131135344668923,-0.006923235577681857,0.005671938033904752,-0.1947172937330886,0.8456188507853857,FALSE,FALSE
main_1972_start,minimal_full_panel,heteroskedastic,es_1992,1992,-0.0032763209176826184,0.0025538893184322365,-0.008281852002311345,0.001729210166946109,-1.282875061983447,0.1995702634540998,FALSE,FALSE
main_1972_start,minimal_full_panel,heteroskedastic,es_1996,1996,-0.0023744552520836315,0.0028105975095112094,-0.007883125145763573,0.0031342146415963093,-0.8448222287425895,0.39823349423739884,FALSE,FALSE
main_1972_start,minimal_full_panel,heteroskedastic,es_2000,2000,-0.001100194687918238,0.00275992444113555,-0.006509547192595751,0.004309157816759274,-0.3986321768524834,0.6901740998212085,FALSE,FALSE
main_1972_start,minimal_full_panel,heteroskedastic,es_2004,2004,-4.96978013978356e-4,0.0027119125519603346,-0.005812228945042718,0.004818272917086005,-0.1832573891879774,0.8546003667101252,FALSE,FALSE
main_1972_start,minimal_full_panel,heteroskedastic,es_2008,2008,0.0020447149513759715,0.0032336338348527764,-0.004293090904125609,0.008382520806877552,0.6323272998128636,0.5271897605123438,FALSE,FALSE
main_1972_start,minimal_full_panel,heteroskedastic,es_2012,2012,0.003028401570519996,0.003839353991095337,-0.004496593975926977,0.01055339711696697,0.7887789397757556,0.43026286299407157,FALSE,FALSE
main_1972_start,minimal_full_panel,heteroskedastic,es_2016,2016,0.00834549120151028,0.005741913654058159,-0.0029084527627824854,0.019599435165803047,1.4534337686551617,0.14613967571200487,FALSE,FALSE
main_1972_start,minimal_full_panel,heteroskedastic,es_2020,2020,0.008745206675719323,0.005070451296282686,-0.0011926952503591697,0.018683108601797817,1.724739311100517,0.08461022691778629,FALSE,FALSE
main_1972_start,minimal_full_panel,cluster_cz,es_1972,1972,1.5348213288016914e-4,0.0018991704930670197,-0.003568823634032365,0.003875787899792703,0.08081535251335274,0.9356112255039766,FALSE,FALSE
main_1972_start,minimal_full_panel,cluster_cz,es_1976,1976,-0.007392134206754636,0.003993565061260287,-0.01521937789674229,4.3510948323301907e-4,-1.8510113378300217,0.06457670533408412,FALSE,FALSE
main_1972_start,minimal_full_panel,cluster_cz,es_1980,1980,-0.007256911167998781,0.0038489764009984463,-0.014800766291300331,2.869439553027679e-4,-1.885413266269,0.05977589898556725,FALSE,FALSE
main_1972_start,minimal_full_panel,cluster_cz,es_1984,1984,-6.256487718885523e-4,0.0013396316095423595,-0.0032512784791430003,0.001999980935365895,-0.46703046377226376,0.6406191820847257,FALSE,FALSE
main_1972_start,minimal_full_panel,cluster_cz,es_1992,1992,-0.0032763209176826184,0.001244511596684429,-0.005715518825526535,-8.37123009838701e-4,-2.6326158200624588,0.008654411880629497,FALSE,FALSE
main_1972_start,minimal_full_panel,cluster_cz,es_1996,1996,-0.0023744552520836315,0.00215960240375226,-0.006607198184364189,0.0018582876801969254,-1.0994872241103593,0.2719225845156841,FALSE,FALSE
main_1972_start,minimal_full_panel,cluster_cz,es_2000,2000,-0.001100194687918238,0.003146208923713945,-0.0072666508662360945,0.0050662614903996175,-0.3496890113131814,0.7266742170602241,FALSE,FALSE
main_1972_start,minimal_full_panel,cluster_cz,es_2004,2004,-4.96978013978356e-4,0.0034166945245738246,-0.0071935762283182525,0.00619962020036154,-0.1454557937222514,0.8843916694618443,FALSE,FALSE
main_1972_start,minimal_full_panel,cluster_cz,es_2008,2008,0.0020447149513759715,0.004135194962531386,-0.006060118244237001,0.010149548146988943,0.4944663963617053,0.6211274555203492,FALSE,FALSE
main_1972_start,minimal_full_panel,cluster_cz,es_2012,2012,0.003028401570519996,0.0048981892903985375,-0.0065718730281209385,0.01262867616916093,0.6182696075989321,0.5365928868741656,FALSE,FALSE
main_1972_start,minimal_full_panel,cluster_cz,es_2016,2016,0.00834549120151028,0.006870892545628379,-0.005121210729566068,0.02181219313258663,1.2146152986805359,0.22491049329880558,FALSE,FALSE
main_1972_start,minimal_full_panel,cluster_cz,es_2020,2020,0.008745206675719323,0.006196081802407132,-0.003398890502262676,0.020889303853701323,1.4114091702794942,0.15855537426659974,FALSE,FALSE
main_1972_start,minimal_full_panel,cluster_state,es_1972,1972,1.5348213288016914e-4,0.00258041950892645,-0.004904047169620203,0.005211011435380542,0.059479527398249826,0.9528223599302128,FALSE,FALSE
main_1972_start,minimal_full_panel,cluster_state,es_1976,1976,-0.007392134206754636,0.004918910998594552,-0.01703302260715791,0.0022487541936486357,-1.5027989343305341,0.13958078624382544,FALSE,FALSE
main_1972_start,minimal_full_panel,cluster_state,es_1980,1980,-0.007256911167998781,0.0041312757893733265,-0.01535406292537278,8.402405893752178e-4,-1.7565787272457989,0.08550346278725586,FALSE,FALSE
main_1972_start,minimal_full_panel,cluster_state,es_1984,1984,-6.256487718885523e-4,0.0016512098124686664,-0.0038619605352462737,0.0026106629914691695,-0.37890325454956364,0.7064660671196429,FALSE,FALSE
main_1972_start,minimal_full_panel,cluster_state,es_1992,1992,-0.0032763209176826184,0.0018793914109733647,-0.0069598603960443275,4.072185606790904e-4,-1.7432882254079065,0.08782232055138744,FALSE,FALSE
main_1972_start,minimal_full_panel,cluster_state,es_1996,1996,-0.0023744552520836315,0.002671809100176393,-0.007611104861995729,0.0028621943578284663,-0.8887069259277804,0.3786865481484085,FALSE,FALSE
main_1972_start,minimal_full_panel,cluster_state,es_2000,2000,-0.001100194687918238,0.004168758380860959,-0.009270810974655225,0.007070421598818748,-0.2639142371429593,0.7929997631878574,FALSE,FALSE
main_1972_start,minimal_full_panel,cluster_state,es_2004,2004,-4.96978013978356e-4,0.004737503015909334,-0.009782313301810534,0.008788357273853823,-0.10490294408455679,0.916899236772343,FALSE,FALSE
main_1972_start,minimal_full_panel,cluster_state,es_2008,2008,0.0020447149513759715,0.00600294358561512,-0.009720838277655394,0.013810268180407335,0.34061871850265774,0.7349085031016388,FALSE,FALSE
main_1972_start,minimal_full_panel,cluster_state,es_2012,2012,0.003028401570519996,0.006542310227448881,-0.009794290850967856,0.015851093992007848,0.4628948284680923,0.6455759481295836,FALSE,FALSE
main_1972_start,minimal_full_panel,cluster_state,es_2016,2016,0.00834549120151028,0.008769420059625234,-0.008842256280658264,0.025533238683678825,0.9516582789702664,0.3461388764524891,FALSE,FALSE
main_1972_start,minimal_full_panel,cluster_state,es_2020,2020,0.008745206675719323,0.008277169040815794,-0.007477746538229572,0.024968159889668218,1.0565456175409218,0.29611963982179296,FALSE,FALSE
main_1972_start,minimal_full_panel,newey_west_lag1,es_1972,1972,1.5348213288016914e-4,0.0032416969864499565,-0.006200127209353771,0.00650709147511411,0.04734623054582603,0.9630161333532199,FALSE,FALSE
main_1972_start,minimal_full_panel,newey_west_lag1,es_1976,1976,-0.007392134206754636,0.005898430691719981,-0.018952845927831474,0.004168577514322203,-1.2532374445174825,0.23398833373084543,FALSE,FALSE
main_1972_start,minimal_full_panel,newey_west_lag1,es_1980,1980,-0.007256911167998781,0.005877450227944168,-0.018776501935696077,0.004262679599698515,-1.2347039764787808,0.2405719549880028,FALSE,FALSE
main_1972_start,minimal_full_panel,newey_west_lag1,es_1984,1984,-6.256487718885523e-4,0.002577472955170795,-0.00567740293514933,0.004426105391372225,-0.24273727902106895,0.8123082529996163,FALSE,FALSE
main_1972_start,minimal_full_panel,newey_west_lag1,es_1992,1992,-0.0032763209176826184,0.002107190426480787,-0.007406338262152556,8.536964267873192e-4,-1.5548290636240185,0.1459531908277627,FALSE,FALSE
main_1972_start,minimal_full_panel,newey_west_lag1,es_1996,1996,-0.0023744552520836315,0.0029252067962232528,-0.008107755220013002,0.0033588447158457387,-0.8117221849577613,0.43275796577369685,FALSE,FALSE
main_1972_start,minimal_full_panel,newey_west_lag1,es_2000,2000,-0.001100194687918238,0.0028724674041557922,-0.006730127346828849,0.004529737970992372,-0.3830138111668429,0.7084079429839891,FALSE,FALSE
main_1972_start,minimal_full_panel,newey_west_lag1,es_2004,2004,-4.96978013978356e-4,0.002822497707662592,-0.006028971867443896,0.005035015839487184,-0.17607738444893928,0.8631696508641639,FALSE,FALSE
main_1972_start,minimal_full_panel,newey_west_lag1,es_2008,2008,0.0020447149513759715,0.0033654935074122314,-0.004551531113355385,0.008640961016107328,0.6075527844200709,0.554807429074963,FALSE,FALSE
main_1972_start,minimal_full_panel,newey_west_lag1,es_2012,2012,0.003028401570519996,0.003995913448956431,-0.004803444874773839,0.01086024801581383,0.7578746660068151,0.4631501213037008,FALSE,FALSE
main_1972_start,minimal_full_panel,newey_west_lag1,es_2016,2016,0.00834549120151028,0.005976054837926495,-0.0033673610504619967,0.020058343453482556,1.3964883903919976,0.18786179401499398,FALSE,FALSE
main_1972_start,minimal_full_panel,newey_west_lag1,es_2020,2020,0.008745206675719323,0.005277211888793373,-0.0015979385651022776,0.019088351916540923,1.6571642109521023,0.12337906673322116,FALSE,FALSE
main_1972_start,minimal_full_panel,driscoll_kraay_lag1,es_1972,1972,1.5348213288016914e-4,1.4113873241630875e-16,1.534821328798925e-4,1.5348213288044577e-4,1087455797941.0767,2.462975785240486e-139,FALSE,FALSE
main_1972_start,minimal_full_panel,driscoll_kraay_lag1,es_1976,1976,-0.007392134206754636,1.6306675849156798e-16,-0.007392134206754955,-0.007392134206754317,-45331950393414.336,8.94430584752982e-159,FALSE,FALSE
main_1972_start,minimal_full_panel,driscoll_kraay_lag1,es_1980,1980,-0.007256911167998781,1.6649484837251138e-16,-0.007256911167999107,-0.007256911167998455,-43586400654045.17,1.432806093211105e-158,FALSE,FALSE
main_1972_start,minimal_full_panel,driscoll_kraay_lag1,es_1984,1984,-6.256487718885523e-4,1.4304165818878414e-16,-6.256487718888327e-4,-6.25648771888272e-4,-4373892052221.8145,1.373987476685228e-146,FALSE,FALSE
main_1972_start,minimal_full_panel,driscoll_kraay_lag1,es_1992,1992,-0.0032763209176826184,1.520385260186549e-16,-0.0032763209176829163,-0.0032763209176823204,-21549280984746.055,6.717475500539799e-155,FALSE,FALSE
main_1972_start,minimal_full_panel,driscoll_kraay_lag1,es_1996,1996,-0.0023744552520836315,1.4147088580343802e-16,-0.0023744552520839086,-0.0023744552520833543,-16784055875515.89,1.3478342859833094e-153,FALSE,FALSE
main_1972_start,minimal_full_panel,driscoll_kraay_lag1,es_2000,2000,-0.001100194687918238,1.4079414445134562e-16,-0.0011001946879185141,-0.001100194687917962,-7814207701645.103,1.2995113962502403e-149,FALSE,FALSE
main_1972_start,minimal_full_panel,driscoll_kraay_lag1,es_2004,2004,-4.96978013978356e-4,1.4109949289552244e-16,-4.969780139786326e-4,-4.969780139780795e-4,-3522181432263.155,1.8478164114492582e-145,FALSE,FALSE
main_1972_start,minimal_full_panel,driscoll_kraay_lag1,es_2008,2008,0.0020447149513759715,1.4083117442546276e-16,0.0020447149513756957,0.0020447149513762473,14518908613221.646,7.677005285117796e-153,FALSE,FALSE
main_1972_start,minimal_full_panel,driscoll_kraay_lag1,es_2012,2012,0.003028401570519996,1.4058589562938154e-16,0.0030284015705197205,0.0030284015705202712,21541290162589.254,6.747439056373931e-155,FALSE,FALSE
main_1972_start,minimal_full_panel,driscoll_kraay_lag1,es_2016,2016,0.00834549120151028,1.5107520358086931e-16,0.008345491201509984,0.008345491201510577,55240641771123,8.342475004171297e-160,FALSE,FALSE
main_1972_start,minimal_full_panel,driscoll_kraay_lag1,es_2020,2020,0.008745206675719323,1.420843797275494e-16,0.008745206675719043,0.008745206675719602,61549388416154.48,2.278844000522577e-160,FALSE,FALSE
main_1972_start,minimal_full_panel,conley_250km,es_1972,1972,1.5348213288016914e-4,0.003251676777241522,-0.006219687239878483,0.006526651505638822,0.04720091921632255,0.9623541858324196,FALSE,FALSE
main_1972_start,minimal_full_panel,conley_250km,es_1976,1976,-0.007392134206754636,0.005213660251577627,-0.017610720527474817,0.002826452113965547,-1.4178396462481064,0.15627364933790958,FALSE,FALSE
main_1972_start,minimal_full_panel,conley_250km,es_1980,1980,-0.007256911167998781,0.004501010176129292,-0.016078729007260477,0.0015649066712629146,-1.612284994707447,0.10693646064093608,FALSE,FALSE
main_1972_start,minimal_full_panel,conley_250km,es_1984,1984,-6.256487718885523e-4,0.0019717333297258697,-0.004490175085268494,0.00323887754149139,-0.3173090206754969,0.7510168005481335,FALSE,FALSE
main_1972_start,minimal_full_panel,conley_250km,es_1992,1992,-0.0032763209176826184,0.0019163820669269784,-0.007032360749477922,4.7971891411268536e-4,-1.7096386854299754,0.0873686144837576,FALSE,FALSE
main_1972_start,minimal_full_panel,conley_250km,es_1996,1996,-0.0023744552520836315,0.0028804989662294255,-0.008020129483398161,0.0032712189792308975,-0.8243208138317073,0.4097800503763154,FALSE,FALSE
main_1972_start,minimal_full_panel,conley_250km,es_2000,2000,-0.001100194687918238,0.004326097765584541,-0.009579190502063137,0.00737880112622666,-0.25431572459379687,0.7992577047085899,FALSE,FALSE
main_1972_start,minimal_full_panel,conley_250km,es_2004,2004,-4.96978013978356e-4,0.004870077917209962,-0.010042155333613717,0.009048199305657006,-0.10204724080945951,0.9187215461263534,FALSE,FALSE
main_1972_start,minimal_full_panel,conley_250km,es_2008,2008,0.0020447149513759715,0.006226588048690754,-0.010159173370625434,0.014248603273377378,0.32838449169700695,0.7426289252412548,FALSE,FALSE
main_1972_start,minimal_full_panel,conley_250km,es_2012,2012,0.003028401570519996,0.0068446464273843426,-0.010386858914064061,0.01644366205510405,0.4424482115546309,0.6581759735108093,FALSE,FALSE
main_1972_start,minimal_full_panel,conley_250km,es_2016,2016,0.00834549120151028,0.008819819378058936,-0.008941037129633688,0.02563201953265425,0.9462201938365493,0.34406274978051543,FALSE,FALSE
main_1972_start,minimal_full_panel,conley_250km,es_2020,2020,0.008745206675719323,0.00851525451897092,-0.007944385500655616,0.02543479885209426,1.0270047308904389,0.30444698715202456,FALSE,FALSE
main_1972_start,interacted_core_controls_diagnostic,heteroskedastic,es_1972,1972,0.002049430621082248,0.0029034709261027826,-0.003641267824238361,0.007740129066402856,0.7058553962629548,0.4802971787395026,FALSE,FALSE
main_1972_start,interacted_core_controls_diagnostic,heteroskedastic,es_1976,1976,-0.005056451387250513,0.0032688087918664155,-0.01146319889165657,0.0013502961171555448,-1.5468789119241797,0.12192922541063822,FALSE,FALSE
main_1972_start,interacted_core_controls_diagnostic,heteroskedastic,es_1980,1980,-4.7589303889915757e-4,0.0027562665909698914,-0.005878076288991136,0.00492629021119282,-0.17265856664891677,0.8629238747165048,FALSE,FALSE
main_1972_start,interacted_core_controls_diagnostic,heteroskedastic,es_1984,1984,3.7220158536613096e-4,0.0021053110837757193,-0.003754132315087266,0.004498535485819528,0.17679172842172808,0.8596761476359145,FALSE,FALSE
main_1972_start,interacted_core_controls_diagnostic,heteroskedastic,es_1992,1992,-0.0034464984839045116,0.0022460266607224307,-0.007848629847237238,9.556328794282144e-4,-1.5344868982080342,0.12494668248050854,FALSE,FALSE
main_1972_start,interacted_core_controls_diagnostic,heteroskedastic,es_1996,1996,-0.0038908432274685012,0.002317958114527448,-0.008433957649614666,6.522711946776649e-4,-1.6785649417404207,0.09327317784690616,FALSE,FALSE
main_1972_start,interacted_core_controls_diagnostic,heteroskedastic,es_2000,2000,-0.00290809779522862,0.0024037160937978373,-0.007619294768131682,0.0018030991776744418,-1.2098341408672215,0.22637578128981664,FALSE,FALSE
main_1972_start,interacted_core_controls_diagnostic,heteroskedastic,es_2004,2004,-0.0028778307787728457,0.0021285066430802254,-0.007049627140064338,0.001293965582518646,-1.3520421879483782,0.17639735746999538,FALSE,FALSE
main_1972_start,interacted_core_controls_diagnostic,heteroskedastic,es_2008,2008,9.85027269699604e-4,0.0024273877953682977,-0.0037725653857343406,0.005742619925133549,0.4057972407948726,0.6849016770304519,FALSE,FALSE
main_1972_start,interacted_core_controls_diagnostic,heteroskedastic,es_2012,2012,0.0010311114921267412,0.002539129871211038,-0.003945491607516718,0.0060077145917702,0.40608852025160597,0.6846876592434126,FALSE,FALSE
main_1972_start,interacted_core_controls_diagnostic,heteroskedastic,es_2016,2016,8.370978990940312e-4,0.002323447643937176,-0.003716775802987275,0.005390971601175337,0.36028266067383163,0.7186446083430884,FALSE,FALSE
main_1972_start,interacted_core_controls_diagnostic,heteroskedastic,es_2020,2020,2.2974111203809006e-4,0.0023533680450045194,-0.004382775498538203,0.004842257722614383,0.09762226207063539,0.9222345202673226,FALSE,FALSE
main_1972_start,interacted_core_controls_diagnostic,cluster_cz,es_1972,1972,0.002049430621082248,0.0025063237001973705,-0.002862873564903761,0.006961734807068257,0.8177038827510018,0.41379642800021,FALSE,FALSE
main_1972_start,interacted_core_controls_diagnostic,cluster_cz,es_1976,1976,-0.005056451387250513,0.0029287204045408462,-0.010796637900938147,6.837351264371207e-4,-1.7265053295667,0.08468489628352757,FALSE,FALSE
main_1972_start,interacted_core_controls_diagnostic,cluster_cz,es_1980,1980,-4.7589303889915757e-4,0.0026109461262369283,-0.005593253411897904,0.00464146733409959,-0.18226842527197093,0.8554233106137529,FALSE,FALSE
main_1972_start,interacted_core_controls_diagnostic,cluster_cz,es_1984,1984,3.7220158536613096e-4,0.0011359466068372682,-0.0018542128523953948,0.0025986160231276567,0.3276576408836892,0.7432656516010276,FALSE,FALSE
main_1972_start,interacted_core_controls_diagnostic,cluster_cz,es_1992,1992,-0.0034464984839045116,0.001347260130316185,-0.006087079817130973,-8.059171506780501e-4,-2.558153697531049,0.01072624463340272,FALSE,FALSE
main_1972_start,interacted_core_controls_diagnostic,cluster_cz,es_1996,1996,-0.0038908432274685012,0.002593712807381955,-0.008974426916177405,0.001192740461240403,-1.5001056463902978,0.1340247846831653,FALSE,FALSE
main_1972_start,interacted_core_controls_diagnostic,cluster_cz,es_2000,2000,-0.00290809779522862,0.0028737899181122376,-0.008540622533862915,0.002724426943405675,-1.0119381994140055,0.3119070711918704,FALSE,FALSE
main_1972_start,interacted_core_controls_diagnostic,cluster_cz,es_2004,2004,-0.0028778307787728457,0.0024085943648816145,-0.007598588987306934,0.001842927429761243,-1.1948175337171374,0.23255121054585204,FALSE,FALSE
main_1972_start,interacted_core_controls_diagnostic,cluster_cz,es_2008,2008,9.85027269699604e-4,0.002698875652031378,-0.0043046718070339504,0.006274726346433159,0.3649769002725998,0.7152356806492198,FALSE,FALSE
main_1972_start,interacted_core_controls_diagnostic,cluster_cz,es_2012,2012,0.0010311114921267412,0.0028861754433984347,-0.004625688429998109,0.006687911414251593,0.3572587711135885,0.7210026354043388,FALSE,FALSE
main_1972_start,interacted_core_controls_diagnostic,cluster_cz,es_2016,2016,8.370978990940312e-4,0.002491728277508856,-0.00404659978408335,0.005720795582271412,0.3359507160752427,0.7370057713188289,FALSE,FALSE
main_1972_start,interacted_core_controls_diagnostic,cluster_cz,es_2020,2020,2.2974111203809006e-4,0.0026943847974562184,-0.0050511560514683446,0.005510638275544525,0.08526663016173107,0.9320730910986684,FALSE,FALSE
main_1972_start,interacted_core_controls_diagnostic,cluster_state,es_1972,1972,0.002049430621082248,0.0031194222699754926,-0.004064524680641897,0.008163385922806392,0.6569904436497944,0.5143914744638831,FALSE,FALSE
main_1972_start,interacted_core_controls_diagnostic,cluster_state,es_1976,1976,-0.005056451387250513,0.0037405738391828878,-0.01238784139356169,0.0022749386190606645,-1.3517849411990415,0.18291414131880385,FALSE,FALSE
main_1972_start,interacted_core_controls_diagnostic,cluster_state,es_1980,1980,-4.7589303889915757e-4,0.0031397201373050245,-0.006629631429552156,0.005677845351753842,-0.15157180197201903,0.880173415845519,FALSE,FALSE
main_1972_start,interacted_core_controls_diagnostic,cluster_state,es_1984,1984,3.7220158536613096e-4,0.0012827464539729501,-0.0021419352657173164,0.0028863384364495783,0.29015990199258795,0.7729702957989713,FALSE,FALSE
main_1972_start,interacted_core_controls_diagnostic,cluster_state,es_1992,1992,-0.0034464984839045116,0.0017051275535652588,-0.00678848707793931,-1.0450988986971353e-4,-2.0212555223204345,0.04896920000905716,FALSE,FALSE
main_1972_start,interacted_core_controls_diagnostic,cluster_state,es_1996,1996,-0.0038908432274685012,0.0026630025742373745,-0.009110232363711205,0.0013285459087742021,-1.4610737763115957,0.15064883076145846,FALSE,FALSE
main_1972_start,interacted_core_controls_diagnostic,cluster_state,es_2000,2000,-0.00290809779522862,0.0028267544817042233,-0.008448434772506083,0.0026322391820488428,-1.0287762216530938,0.3088503272630763,FALSE,FALSE
main_1972_start,interacted_core_controls_diagnostic,cluster_state,es_2004,2004,-0.0028778307787728457,0.0027998524652507856,-0.008365440772690066,0.0026097792151443754,-1.027850865175882,0.30928088865436254,FALSE,FALSE
main_1972_start,interacted_core_controls_diagnostic,cluster_state,es_2008,2008,9.85027269699604e-4,0.003346952713728987,-0.0055748795071678065,0.007544934046567015,0.2943057025153313,0.7698202525262587,FALSE,FALSE
main_1972_start,interacted_core_controls_diagnostic,cluster_state,es_2012,2012,0.0010311114921267412,0.0033883665681979955,-0.005609964947960908,0.007672187932214391,0.3043093099207114,0.7622355769490492,FALSE,FALSE
main_1972_start,interacted_core_controls_diagnostic,cluster_state,es_2016,2016,8.370978990940312e-4,0.0030755005406378,-0.005190772394989519,0.0068649681931775815,0.27218265385849455,0.7866737581109753,FALSE,FALSE
main_1972_start,interacted_core_controls_diagnostic,cluster_state,es_2020,2020,2.2974111203809006e-4,0.0030138563408064678,-0.005677308770520259,0.0061367909945964395,0.07622828896237782,0.9395610416240459,FALSE,FALSE
main_1972_start,interacted_core_controls_diagnostic,newey_west_lag1,es_1972,1972,0.002049430621082248,0.0030218673634095404,-0.003873320577257461,0.007972181819421956,0.6782000579833184,0.5105114893078386,FALSE,FALSE
main_1972_start,interacted_core_controls_diagnostic,newey_west_lag1,es_1976,1976,-0.005056451387250513,0.0034021028130722074,-0.011724450372574441,0.001611547598073415,-1.4862723630284342,0.16300120291076056,FALSE,FALSE
main_1972_start,interacted_core_controls_diagnostic,newey_west_lag1,es_1980,1980,-4.7589303889915757e-4,0.0028686603958138464,-0.006098364098570711,0.005146578020772395,-0.16589382263359392,0.8710027059870502,FALSE,FALSE
main_1972_start,interacted_core_controls_diagnostic,newey_west_lag1,es_1984,1984,3.7220158536613096e-4,0.001776813716854324,-0.003110289306905092,0.003854692477637354,0.2094769878437666,0.837590016374869,FALSE,FALSE
main_1972_start,interacted_core_controls_diagnostic,newey_west_lag1,es_1992,1992,-0.0034464984839045116,0.0019484141445276627,-0.007265320034147149,3.7232306633812546e-4,-1.7688736727683818,0.10230122206610512,FALSE,FALSE
main_1972_start,interacted_core_controls_diagnostic,newey_west_lag1,es_1996,1996,-0.0038908432274685012,0.002412478772585069,-0.00861921473520263,8.375282802656273e-4,-1.6127989484024785,0.13276059968472287,FALSE,FALSE
main_1972_start,interacted_core_controls_diagnostic,newey_west_lag1,es_2000,2000,-0.00290809779522862,0.002501733752333401,-0.0078114058487103325,0.0019952102582530924,-1.1624329697419629,0.2676567816968696,FALSE,FALSE
main_1972_start,interacted_core_controls_diagnostic,newey_west_lag1,es_2004,2004,-0.0028778307787728457,0.002215301933867829,-0.007219742784035721,0.0014640812264900302,-1.2990693208795552,0.21832620615107565,FALSE,FALSE
main_1972_start,interacted_core_controls_diagnostic,newey_west_lag1,es_2008,2008,9.85027269699604e-4,0.002526370727950783,-0.003966568368680168,0.005936622908079376,0.3898981486769323,0.703443760006057,FALSE,FALSE
main_1972_start,interacted_core_controls_diagnostic,newey_west_lag1,es_2012,2012,0.0010311114921267412,0.002642669372126325,-0.004148425300287931,0.006210648284541414,0.39017801583597117,0.7032422520919179,FALSE,FALSE
main_1972_start,interacted_core_controls_diagnostic,newey_west_lag1,es_2016,2016,8.370978990940312e-4,0.002418192151566972,-0.0039024716256746564,0.005576667423862719,0.3461668248950347,0.7352110185050864,FALSE,FALSE
main_1972_start,interacted_core_controls_diagnostic,newey_west_lag1,es_2020,2020,2.2974111203809006e-4,0.0024493326333512792,-0.004570862635489065,0.005030344859565245,0.09379743237395595,0.9268179955804291,FALSE,FALSE
main_1972_start,interacted_core_controls_diagnostic,driscoll_kraay_lag1,es_1972,1972,0.002049430621082248,1.3897340191369087e-15,0.002049430621079524,0.0020494306210849717,1474692705842.4045,6.367678292608146e-141,FALSE,FALSE
main_1972_start,interacted_core_controls_diagnostic,driscoll_kraay_lag1,es_1976,1976,-0.005056451387250513,1.400820795214457e-15,-0.005056451387253258,-0.005056451387247768,-3609634725958.2207,1.3767035328845036e-145,FALSE,FALSE
main_1972_start,interacted_core_controls_diagnostic,driscoll_kraay_lag1,es_1980,1980,-4.7589303889915757e-4,1.3838935671944206e-15,-4.7589303890186997e-4,-4.7589303889644517e-4,-343879796958.61993,2.463312778989234e-133,FALSE,FALSE
main_1972_start,interacted_core_controls_diagnostic,driscoll_kraay_lag1,es_1984,1984,3.7220158536613096e-4,1.3821079764181347e-15,3.722015853634221e-4,3.7220158536883984e-4,269299932940.64264,4.6298247937532594e-132,FALSE,FALSE
main_1972_start,interacted_core_controls_diagnostic,driscoll_kraay_lag1,es_1992,1992,-0.0034464984839045116,1.3669808330923596e-15,-0.003446498483907191,-0.0034464984839018323,-2521248579695.082,1.0209665199617061e-143,FALSE,FALSE
main_1972_start,interacted_core_controls_diagnostic,driscoll_kraay_lag1,es_1996,1996,-0.0038908432274685012,1.3785083439952372e-15,-0.003890843227471203,-0.0038908432274657994,-2822502485688.2144,2.6350417627982625e-144,FALSE,FALSE
main_1972_start,interacted_core_controls_diagnostic,driscoll_kraay_lag1,es_2000,2000,-0.00290809779522862,1.3870359454336746e-15,-0.002908097795231339,-0.0029080977952259013,-2096627563836.7583,9.33563808025035e-143,FALSE,FALSE
main_1972_start,interacted_core_controls_diagnostic,driscoll_kraay_lag1,es_2004,2004,-0.0028778307787728457,1.3817187218254071e-15,-0.0028778307787755537,-0.002877830778770138,-2082790609488.8147,1.0107695923263423e-142,FALSE,FALSE
main_1972_start,interacted_core_controls_diagnostic,driscoll_kraay_lag1,es_2008,2008,9.85027269699604e-4,1.4044643962643781e-15,9.850272696968513e-4,9.850272697023569e-4,701354389843.9854,4.754986234832902e-137,FALSE,FALSE
main_1972_start,interacted_core_controls_diagnostic,driscoll_kraay_lag1,es_2012,2012,0.0010311114921267412,1.4075937346679298e-15,0.0010311114921239823,0.0010311114921295,732534869068.5912,2.8213688909420267e-137,FALSE,FALSE
main_1972_start,interacted_core_controls_diagnostic,driscoll_kraay_lag1,es_2016,2016,8.370978990940312e-4,1.4978235598033566e-15,8.370978990910955e-4,8.370978990969669e-4,558876173108.0865,7.254581528372415e-136,FALSE,FALSE
main_1972_start,interacted_core_controls_diagnostic,driscoll_kraay_lag1,es_2020,2020,2.2974111203809006e-4,1.3951266138911934e-15,2.2974111203535568e-4,2.2974111204082445e-4,164674022952.8785,1.6939412944256733e-129,FALSE,FALSE
main_1972_start,interacted_controls_full_panel,heteroskedastic,es_1972,1972,0.0019506835101045846,0.0031158441997655626,-0.004156258902873942,0.00805762592308311,0.6260529683260013,0.5312968762493604,FALSE,FALSE
main_1972_start,interacted_controls_full_panel,heteroskedastic,es_1976,1976,-0.0037726793449929944,0.0033740728814425913,-0.010385740673833754,0.0028403819838477657,-1.1181380715700422,0.2635393776350861,FALSE,FALSE
main_1972_start,interacted_controls_full_panel,heteroskedastic,es_1980,1980,-0.0013191447652900555,0.002762361147917468,-0.006733273127501012,0.004094983596920901,-0.4775424698847046,0.6329880676172271,FALSE,FALSE
main_1972_start,interacted_controls_full_panel,heteroskedastic,es_1984,1984,-2.935787515038981e-4,0.002117719362480774,-0.004444232431329337,0.0038570749283215406,-0.13862967714475125,0.8897460487197939,FALSE,FALSE
main_1972_start,interacted_controls_full_panel,heteroskedastic,es_1992,1992,-0.0040743384343168805,0.0021700524160905227,-0.008327563014418431,1.7888614578467042e-4,-1.8775299638416298,0.06047943821035982,FALSE,FALSE
main_1972_start,interacted_controls_full_panel,heteroskedastic,es_1996,1996,-0.006644795420753656,0.0023123746319304063,-0.011176966418101314,-0.0021126244234059973,-2.8735808328802146,0.0040684512889465705,FALSE,FALSE
main_1972_start,interacted_controls_full_panel,heteroskedastic,es_2000,2000,-0.00684218962419867,0.0024185968009450506,-0.011582552247174758,-0.0021018270012225816,-2.8289914307027653,0.004680344256034793,FALSE,FALSE
main_1972_start,interacted_controls_full_panel,heteroskedastic,es_2004,2004,-0.0059847825475712185,0.0022411647893524488,-0.010377384818121314,-0.0015921802770211234,-2.67038933326292,0.007590637117725491,FALSE,FALSE
main_1972_start,interacted_controls_full_panel,heteroskedastic,es_2008,2008,-0.0016968722470225683,0.002561866668802972,-0.006718038651069995,0.0033242941570248577,-0.6623577517464752,0.5077597882786142,FALSE,FALSE
main_1972_start,interacted_controls_full_panel,heteroskedastic,es_2012,2012,-0.0017515440680664913,0.0027337938640695243,-0.007109681582799346,0.0036065934466663627,-0.6407008557181937,0.5217341929739391,FALSE,FALSE
main_1972_start,interacted_controls_full_panel,heteroskedastic,es_2016,2016,-0.0012223662962561714,0.002446316181120777,-0.006017057906050456,0.0035723253135381133,-0.4996763319842596,0.6173158315232046,FALSE,FALSE
main_1972_start,interacted_controls_full_panel,heteroskedastic,es_2020,2020,-0.001770669696334492,0.0024430706545473043,-0.006559000190933902,0.0030176607982649187,-0.7247722013437197,0.46861158395762426,FALSE,FALSE
main_1972_start,interacted_controls_full_panel,cluster_cz,es_1972,1972,0.0019506835101045846,0.002418492050794501,-0.0027894738063490507,0.006690840826558219,0.8065701557562548,0.4201801379244976,FALSE,FALSE
main_1972_start,interacted_controls_full_panel,cluster_cz,es_1976,1976,-0.0037726793449929944,0.002898138825050687,-0.009452927064289567,0.0019075683743035787,-1.3017593610019742,0.19341441290560846,FALSE,FALSE
main_1972_start,interacted_controls_full_panel,cluster_cz,es_1980,1980,-0.0013191447652900555,0.0022548964759980376,-0.005738660647112494,0.003100371116532383,-0.5850134493230738,0.558721703862002,FALSE,FALSE
main_1972_start,interacted_controls_full_panel,cluster_cz,es_1984,1984,-2.935787515038981e-4,0.0011448221079496587,-0.0025373888517904544,0.001950231348782658,-0.25644049801736324,0.7976838731790674,FALSE,FALSE
main_1972_start,interacted_controls_full_panel,cluster_cz,es_1992,1992,-0.0040743384343168805,0.001410668505717209,-0.006839197899647544,-0.0013094789689862166,-2.8882323648711603,0.003990234375629773,FALSE,FALSE
main_1972_start,interacted_controls_full_panel,cluster_cz,es_1996,1996,-0.006644795420753656,0.002454573285265115,-0.011455670657287441,-0.0018339201842198722,-2.7071081807345427,0.006947892655578372,FALSE,FALSE
main_1972_start,interacted_controls_full_panel,cluster_cz,es_2000,2000,-0.00684218962419867,0.0028123518176682186,-0.012354297898684133,-0.0013300813497132066,-2.432906715729356,0.015220293741706836,FALSE,FALSE
main_1972_start,interacted_controls_full_panel,cluster_cz,es_2004,2004,-0.0059847825475712185,0.0026011977025133474,-0.011083036361165711,-8.865287339767259e-4,-2.3007795761885226,0.02168860584540431,FALSE,FALSE
main_1972_start,interacted_controls_full_panel,cluster_cz,es_2008,2008,-0.0016968722470225683,0.0029659556152191843,-0.0075100384325965065,0.0041162939385513695,-0.5721165341502149,0.5674213598593754,FALSE,FALSE
main_1972_start,interacted_controls_full_panel,cluster_cz,es_2012,2012,-0.0017515440680664913,0.0032710447407773183,-0.00816267395180919,0.004659585815676207,-0.5354693093101078,0.5924904973994657,FALSE,FALSE
main_1972_start,interacted_controls_full_panel,cluster_cz,es_2016,2016,-0.0012223662962561714,0.002826389095558023,-0.006761987129846632,0.0043172545373342894,-0.4324833754054785,0.6655194556383484,FALSE,FALSE
main_1972_start,interacted_controls_full_panel,cluster_cz,es_2020,2020,-0.001770669696334492,0.0028555381009287427,-0.007367421530636727,0.0038260821379677437,-0.6200826722496172,0.5353992844073561,FALSE,FALSE
main_1972_start,interacted_controls_full_panel,cluster_state,es_1972,1972,0.0019506835101045846,0.003058364548661274,-0.0040436008568656085,0.007944967877074778,0.6378191608840253,0.5266867863458058,FALSE,FALSE
main_1972_start,interacted_controls_full_panel,cluster_state,es_1976,1976,-0.0037726793449929944,0.0037771599823610397,-0.011175776874266576,0.003630418184280587,-0.9988137549404925,0.3229996967191784,FALSE,FALSE
main_1972_start,interacted_controls_full_panel,cluster_state,es_1980,1980,-0.0013191447652900555,0.0030665928772980523,-0.007329556360041293,0.0046912668294611815,-0.43016625227811206,0.669040764342856,FALSE,FALSE
main_1972_start,interacted_controls_full_panel,cluster_state,es_1984,1984,-2.935787515038981e-4,0.001261583753835038,-0.002766237472501417,0.0021790799694936204,-0.23270650926778327,0.8169997348952529,FALSE,FALSE
main_1972_start,interacted_controls_full_panel,cluster_state,es_1992,1992,-0.0040743384343168805,0.0017388038965381884,-0.0074823314477096385,-6.66345420924122e-4,-2.343184554870474,0.02340286110786102,FALSE,FALSE
main_1972_start,interacted_controls_full_panel,cluster_state,es_1996,1996,-0.006644795420753656,0.002987572488296973,-0.012500329899018434,-7.892609424888786e-4,-2.2241453376555342,0.03097986277434609,FALSE,FALSE
main_1972_start,interacted_controls_full_panel,cluster_state,es_2000,2000,-0.00684218962419867,0.0031046666052768524,-0.01292722435454553,-7.571548938518089e-4,-2.203840377762085,0.03247003218837051,FALSE,FALSE
main_1972_start,interacted_controls_full_panel,cluster_state,es_2004,2004,-0.0059847825475712185,0.003141515151232698,-0.012142039100874205,1.7247400573176808e-4,-1.9050624489978512,0.06290077047602025,FALSE,FALSE
main_1972_start,interacted_controls_full_panel,cluster_state,es_2008,2008,-0.0016968722470225683,0.0036429992123820578,-0.008837019498999182,0.005443275004954046,-0.4657899022473381,0.6435172963012576,FALSE,FALSE
main_1972_start,interacted_controls_full_panel,cluster_state,es_2012,2012,-0.0017515440680664913,0.0038116050926483096,-0.009222152772946631,0.005719064636813649,-0.45952926011270373,0.6479726899162925,FALSE,FALSE
main_1972_start,interacted_controls_full_panel,cluster_state,es_2016,2016,-0.0012223662962561714,0.003155882944082744,-0.007407783206082581,0.004963050613570238,-0.38732941554378586,0.7002608222320257,FALSE,FALSE
main_1972_start,interacted_controls_full_panel,cluster_state,es_2020,2020,-0.001770669696334492,0.0030518321285796157,-0.0077521507552127476,0.004210811362543764,-0.5801989171529554,0.5645519022288573,FALSE,FALSE
main_1972_start,interacted_controls_full_panel,newey_west_lag1,es_1972,1972,0.0019506835101045846,0.003242900699329466,-0.0044052850660209215,0.00830665208623009,0.60152428056398,0.5586837662200785,FALSE,FALSE
main_1972_start,interacted_controls_full_panel,newey_west_lag1,es_1976,1976,-0.0037726793449929944,0.0035116593145581667,-0.010655405127501611,0.0031100464375156227,-1.0743295425477994,0.3038029388991593,FALSE,FALSE
main_1972_start,interacted_controls_full_panel,newey_west_lag1,es_1980,1980,-0.0013191447652900555,0.0028750034738759442,-0.0069540480295144464,0.004315758498934335,-0.45883240743067577,0.6545540842529769,FALSE,FALSE
main_1972_start,interacted_controls_full_panel,newey_west_lag1,es_1984,1984,-2.935787515038981e-4,0.0017881735148719865,-0.003798334438761389,0.0032111769357535927,-0.1641780001002392,0.8723239253916965,FALSE,FALSE
main_1972_start,interacted_controls_full_panel,newey_west_lag1,es_1992,1992,-0.0040743384343168805,0.0019280825486315304,-0.007853310788854876,-2.953660797788849e-4,-2.113155599696014,0.056215288938790346,FALSE,FALSE
main_1972_start,interacted_controls_full_panel,newey_west_lag1,es_1996,1996,-0.006644795420753656,0.0024066676092351007,-0.01136177725761357,-0.0019278135838937437,-2.760994245842507,0.01724735803718943,FALSE,FALSE
main_1972_start,interacted_controls_full_panel,newey_west_lag1,es_2000,2000,-0.00684218962419867,0.002517221258293619,-0.01177585263157276,-0.0019085266168245808,-2.718151851632173,0.018671566936717895,FALSE,FALSE
main_1972_start,interacted_controls_full_panel,newey_west_lag1,es_2004,2004,-0.0059847825475712185,0.0023325540035828794,-0.010556504386588374,-0.0014130607085540642,-2.5657637672604348,0.024737724968673856,FALSE,FALSE
main_1972_start,interacted_controls_full_panel,newey_west_lag1,es_2008,2008,-0.0016968722470225683,0.0026663333206695945,-0.006922789526314059,0.0035290450322689217,-0.6364066464865068,0.5364619699648621,FALSE,FALSE
main_1972_start,interacted_controls_full_panel,newey_west_lag1,es_2012,2012,-0.0017515440680664913,0.0028452712861190893,-0.007328173315105864,0.0038250851789728806,-0.6155982653083226,0.5496573874726417,FALSE,FALSE
main_1972_start,interacted_controls_full_panel,newey_west_lag1,es_2016,2016,-0.0012223662962561714,0.002546070966941961,-0.006212573693545484,0.003767841101033141,-0.48009906720091666,0.6397895795754638,FALSE,FALSE
main_1972_start,interacted_controls_full_panel,newey_west_lag1,es_2020,2020,-0.001770669696334492,0.00254269309573917,-0.006754256587721919,0.0032129171950529356,-0.6963757046816348,0.49946051083658327,FALSE,FALSE
main_1972_start,interacted_controls_full_panel,driscoll_kraay_lag1,es_1972,1972,0.0019506835101045846,1.281741088278933e-15,0.0019506835101020725,0.0019506835101070967,1521901363655.1814,4.362761032685788e-141,FALSE,FALSE
main_1972_start,interacted_controls_full_panel,driscoll_kraay_lag1,es_1976,1976,-0.0037726793449929944,1.3911961383448246e-15,-0.003772679344995721,-0.003772679344990268,-2711824192871.567,4.2585439052623267e-144,FALSE,FALSE
main_1972_start,interacted_controls_full_panel,driscoll_kraay_lag1,es_1980,1980,-0.0013191447652900555,1.3227193872103575e-15,-0.001319144765292648,-0.001319144765287463,-997297520581.5642,6.958291646862938e-139,FALSE,FALSE
main_1972_start,interacted_controls_full_panel,driscoll_kraay_lag1,es_1984,1984,-2.935787515038981e-4,1.3404145185123728e-15,-2.9357875150652526e-4,-2.935787515012709e-4,-219020868133.9258,5.528070169187271e-131,FALSE,FALSE
main_1972_start,interacted_controls_full_panel,driscoll_kraay_lag1,es_1992,1992,-0.0040743384343168805,1.318926115306132e-15,-0.004074338434319465,-0.004074338434314296,-3089133187245.4414,8.91989826356266e-145,FALSE,FALSE
main_1972_start,interacted_controls_full_panel,driscoll_kraay_lag1,es_1996,1996,-0.006644795420753656,1.2720753019688207e-15,-0.006644795420756149,-0.006644795420751163,-5223586536480.467,1.6322022549495068e-147,FALSE,FALSE
main_1972_start,interacted_controls_full_panel,driscoll_kraay_lag1,es_2000,2000,-0.00684218962419867,1.2728379033639614e-15,-0.006842189624201164,-0.006842189624196175,-5375538869572.916,1.1570054944986561e-147,FALSE,FALSE
main_1972_start,interacted_controls_full_panel,driscoll_kraay_lag1,es_2004,2004,-0.0059847825475712185,1.2737491650338382e-15,-0.005984782547573715,-0.005984782547568722,-4698556601143.858,5.818699701041473e-147,FALSE,FALSE
main_1972_start,interacted_controls_full_panel,driscoll_kraay_lag1,es_2008,2008,-0.0016968722470225683,1.2810727590926337e-15,-0.001696872247025079,-0.0016968722470200575,-1324571328973.102,2.3093794456633064e-140,FALSE,FALSE
main_1972_start,interacted_controls_full_panel,driscoll_kraay_lag1,es_2012,2012,-0.0017515440680664913,1.272612123430174e-15,-0.0017515440680689856,-0.001751544068063997,-1376337719733.027,1.4578047214105855e-140,FALSE,FALSE
main_1972_start,interacted_controls_full_panel,driscoll_kraay_lag1,es_2016,2016,-0.0012223662962561714,1.2728480025754006e-15,-0.0012223662962586662,-0.0012223662962536767,-960339564333.6143,1.0947164459442793e-138,FALSE,FALSE
main_1972_start,interacted_controls_full_panel,driscoll_kraay_lag1,es_2020,2020,-0.001770669696334492,1.3480117900049803e-15,-0.001770669696337134,-0.00177066969633185,-1313541698569.2314,2.5531311865414235e-140,FALSE,FALSE
diagnostic_1952_start,minimal_full_panel,heteroskedastic,es_1952,1952,-0.008093707899760619,0.006624714973237271,-0.021077910655148892,0.004890494855627656,-1.2217443214474633,0.22182785904318147,FALSE,FALSE
diagnostic_1952_start,minimal_full_panel,heteroskedastic,es_1956,1956,-0.00820866964539658,0.00591797340745122,-0.01980768438546675,0.0033903450946735914,-1.387074439209406,0.16544432207294052,FALSE,FALSE
diagnostic_1952_start,minimal_full_panel,heteroskedastic,es_1960,1960,-7.371425824261644e-4,0.004371612086220062,-0.009305344825797493,0.007831059660945165,-0.16862030937048184,0.8660980909005818,FALSE,FALSE
diagnostic_1952_start,minimal_full_panel,heteroskedastic,es_1964,1964,-5.750126080220198e-4,0.0038432872194804034,-0.008107717140446695,0.0069576919244026545,-0.1496147894197091,0.881071004286494,FALSE,FALSE
diagnostic_1952_start,minimal_full_panel,heteroskedastic,es_1968,1968,-0.0014930686052433766,0.003709345680695413,-0.008763252545615595,0.0057771153351288415,-0.40251535817051765,0.6873118170498435,FALSE,FALSE
diagnostic_1952_start,minimal_full_panel,heteroskedastic,es_1972,1972,1.5348213288024303e-4,0.002580378317819247,-0.004903966436533528,0.0052109307022940145,0.059480476882147755,0.9525703861664161,FALSE,FALSE
diagnostic_1952_start,minimal_full_panel,heteroskedastic,es_1976,1976,-0.007392134206754613,0.004206654046062011,-0.01563702463245585,8.527562189466226e-4,-1.7572479518905617,0.07890055291985637,FALSE,FALSE
diagnostic_1952_start,minimal_full_panel,heteroskedastic,es_1980,1980,-0.007256911167998786,0.004160040171192358,-0.015410440077775646,8.966177417780736e-4,-1.744432954818991,0.08110872272496872,FALSE,FALSE
diagnostic_1952_start,minimal_full_panel,heteroskedastic,es_1984,1984,-6.256487718884748e-4,0.002088799287848794,-0.004719620147005023,0.003468322603228073,-0.29952555783031504,0.7645441600916807,FALSE,FALSE
diagnostic_1952_start,minimal_full_panel,heteroskedastic,es_1992,1992,-0.0032763209176825472,0.0020400487454208557,-0.007274742985413545,7.221011500484504e-4,-1.606001290428309,0.10829942263902584,FALSE,FALSE
diagnostic_1952_start,minimal_full_panel,heteroskedastic,es_1996,1996,-0.002374455252083565,0.0024533849406397587,-0.007183001375950428,0.002434090871783298,-0.9678282493510327,0.3331492756053749,FALSE,FALSE
diagnostic_1952_start,minimal_full_panel,heteroskedastic,es_2000,2000,-0.0011001946879181347,0.003125228092315129,-0.007225529192328604,0.005025139816492335,-0.35203660514363433,0.7248168709946448,FALSE,FALSE
diagnostic_1952_start,minimal_full_panel,heteroskedastic,es_2004,2004,-4.969780139782601e-4,0.0033589771068776707,-0.00708045216835304,0.00608649614039652,-0.1479551655653363,0.8823805885283168,FALSE,FALSE
diagnostic_1952_start,minimal_full_panel,heteroskedastic,es_2008,2008,0.002044714951376052,0.003994556319407369,-0.005784471568879266,0.00987390147163137,0.511875359333876,0.6087474791514731,FALSE,FALSE
diagnostic_1952_start,minimal_full_panel,heteroskedastic,es_2012,2012,0.0030284015705200826,0.0047127992898751275,-0.006208515304001107,0.012265318445041272,0.6425908221948329,0.5205016758239058,FALSE,FALSE
diagnostic_1952_start,minimal_full_panel,heteroskedastic,es_2016,2016,0.008345491201510591,0.006696163254889387,-0.004778747612673105,0.021469730015694286,1.2463093989557232,0.21267468046625856,FALSE,FALSE
diagnostic_1952_start,minimal_full_panel,heteroskedastic,es_2020,2020,0.008745206675719555,0.005956816871739909,-0.002929939855391212,0.020420353206830322,1.4681006423427607,0.1421025833212418,FALSE,FALSE
diagnostic_1952_start,minimal_full_panel,cluster_cz,es_1952,1952,-0.008093707899760619,0.006450456786361659,-0.020736370884861445,0.0045489550853402075,-1.2547495732198874,0.20997625831315636,FALSE,FALSE
diagnostic_1952_start,minimal_full_panel,cluster_cz,es_1956,1956,-0.00820866964539658,0.005803375801135979,-0.019583077204374376,0.0031657379135812177,-1.4144646024456624,0.15765722150676706,FALSE,FALSE
diagnostic_1952_start,minimal_full_panel,cluster_cz,es_1960,1960,-7.371425824261644e-4,0.004292245530263043,-0.009149789234544752,0.007675504069692423,-0.17173821423514649,0.8636915311894383,FALSE,FALSE
diagnostic_1952_start,minimal_full_panel,cluster_cz,es_1964,1964,-5.750126080220198e-4,0.0033632011068742093,-0.007166765650260713,0.0060167404342166735,-0.17097181814275803,0.8642938938422402,FALSE,FALSE
diagnostic_1952_start,minimal_full_panel,cluster_cz,es_1968,1968,-0.0014930686052433766,0.0036563161249994116,-0.00865931652633527,0.005673179315848518,-0.40835325890854607,0.6831355885859947,FALSE,FALSE
diagnostic_1952_start,minimal_full_panel,cluster_cz,es_1972,1972,1.5348213288024303e-4,0.0018992267777209575,-0.003568933949926891,0.0038758982156873773,0.08081295750495851,0.9356131295453474,FALSE,FALSE
diagnostic_1952_start,minimal_full_panel,cluster_cz,es_1976,1976,-0.007392134206754613,0.003993683416315144,-0.015219609868387177,4.353414548779501e-4,-1.850956482067655,0.06458460788365356,FALSE,FALSE
diagnostic_1952_start,minimal_full_panel,cluster_cz,es_1980,1980,-0.007256911167998786,0.0038490904709600235,-0.014800989864316744,2.871675283191719e-4,-1.8853573909861356,0.05978344902686601,FALSE,FALSE
diagnostic_1952_start,minimal_full_panel,cluster_cz,es_1984,1984,-6.256487718884748e-4,0.0013396713114554382,-0.0032513562934626747,0.002000058749685725,-0.46701662306163816,0.6406290796219933,FALSE,FALSE
diagnostic_1952_start,minimal_full_panel,cluster_cz,es_1992,1992,-0.0032763209176825472,0.0012445484795786971,-0.005715591114670876,-8.370507206942189e-4,-2.6325378010116913,0.00865638053423242,FALSE,FALSE
diagnostic_1952_start,minimal_full_panel,cluster_cz,es_1996,1996,-0.002374455252083565,0.002159666406681122,-0.006607323627799596,0.001858413123632466,-1.0994546401879357,0.2719367801042081,FALSE,FALSE
diagnostic_1952_start,minimal_full_panel,cluster_cz,es_2000,2000,-0.0011001946879181347,0.003146302166148498,-0.007266833618049545,0.005066444242213276,-0.3496786480825911,0.7266819920094745,FALSE,FALSE
diagnostic_1952_start,minimal_full_panel,cluster_cz,es_2004,2004,-4.969780139782601e-4,0.0034167957832388577,-0.007193774691654744,0.006199818663698224,-0.14545148305795538,0.8843950714534661,FALSE,FALSE
diagnostic_1952_start,minimal_full_panel,cluster_cz,es_2008,2008,0.002044714951376052,0.0041353175149921335,-0.006060358442646201,0.010149788345398305,0.49445174257192237,0.6211377970439964,FALSE,FALSE
diagnostic_1952_start,minimal_full_panel,cluster_cz,es_2012,2012,0.0030284015705200826,0.00489833445529553,-0.006572157546090777,0.012628960687130942,0.6182512848313398,0.5366049562216089,FALSE,FALSE
diagnostic_1952_start,minimal_full_panel,cluster_cz,es_2016,2016,0.008345491201510591,0.006871096174428678,-0.005121609834680558,0.02181259223770174,1.214579302872952,0.22492422040829435,FALSE,FALSE
diagnostic_1952_start,minimal_full_panel,cluster_cz,es_2020,2020,0.008745206675719555,0.006196265432218774,-0.003399250410079749,0.020889663761518858,1.4113673423748165,0.15856769657186578,FALSE,FALSE
diagnostic_1952_start,minimal_full_panel,cluster_state,es_1952,1952,-0.008093707899760619,0.006790322922706306,-0.02140249627166173,0.005215080472140494,-1.191947421630847,0.239265697108477,FALSE,FALSE
diagnostic_1952_start,minimal_full_panel,cluster_state,es_1956,1956,-0.00820866964539658,0.007371263658429989,-0.02265608093646831,0.006238741645675151,-1.1136041289214922,0.27111190782256583,FALSE,FALSE
diagnostic_1952_start,minimal_full_panel,cluster_state,es_1960,1960,-7.371425824261644e-4,0.005021205947523284,-0.010578525398530114,0.009104240233677785,-0.14680588490694368,0.8839131562120451,FALSE,FALSE
diagnostic_1952_start,minimal_full_panel,cluster_state,es_1964,1964,-5.750126080220198e-4,0.005043733472353522,-0.010460548561454067,0.009310523345410028,-0.11400535162570868,0.9097191706777364,FALSE,FALSE
diagnostic_1952_start,minimal_full_panel,cluster_state,es_1968,1968,-0.0014930686052433766,0.0037277202923183895,-0.00879926612262654,0.005813128912139786,-0.40053128672773597,0.6905801494094095,FALSE,FALSE
diagnostic_1952_start,minimal_full_panel,cluster_state,es_1972,1972,1.5348213288024303e-4,0.002580495983376462,-0.004904197056787891,0.0052111613225483775,0.05947776468902641,0.952823756383191,FALSE,FALSE
diagnostic_1952_start,minimal_full_panel,cluster_state,es_1976,1976,-0.007392134206754613,0.00491905677760954,-0.01703330832877696,0.002249039915267736,-1.5027543980386597,0.13959224608922235,FALSE,FALSE
diagnostic_1952_start,minimal_full_panel,cluster_state,es_1980,1980,-0.007256911167998786,0.0041313982256840475,-0.015354302896132198,8.404805601346255e-4,-1.7565266700469764,0.0855124448466637,FALSE,FALSE
diagnostic_1952_start,minimal_full_panel,cluster_state,es_1984,1984,-6.256487718884748e-4,0.0016512587484507227,-0.003862056448008575,0.0026107589042316253,-0.3788920255383862,0.7064743500214469,FALSE,FALSE
diagnostic_1952_start,minimal_full_panel,cluster_state,es_1992,1992,-0.0032763209176825472,0.0018794471094456654,-0.006959969563043959,4.0732772767886494e-4,-1.7432365620806873,0.0878314356577262,FALSE,FALSE
diagnostic_1952_start,minimal_full_panel,cluster_state,es_1996,1996,-0.002374455252083565,0.002671888283088653,-0.007611260057651884,0.002862349553484754,-0.8886805885980903,0.37870056048245526,FALSE,FALSE
diagnostic_1952_start,minimal_full_panel,cluster_state,es_2000,2000,-0.0011001946879181347,0.004168881928021973,-0.0092710531226411,0.007070663746804831,-0.26390641589605984,0.7930057538080445,FALSE,FALSE
diagnostic_1952_start,minimal_full_panel,cluster_state,es_2004,2004,-4.969780139782601e-4,0.004737643418637053,-0.009782588486100098,0.008788632458143578,-0.10489983522677886,0.9169016902996938,FALSE,FALSE
diagnostic_1952_start,minimal_full_panel,cluster_state,es_2008,2008,0.002044714951376052,0.006003121491497403,-0.009721186966777226,0.01381061686952933,0.34060862407534315,0.7349160542779389,FALSE,FALSE
diagnostic_1952_start,minimal_full_panel,cluster_state,es_2012,2012,0.0030284015705200826,0.006542504118238734,-0.009794670869932815,0.01585147401097298,0.46288111031947493,0.6455857096303808,FALSE,FALSE
diagnostic_1952_start,minimal_full_panel,cluster_state,es_2016,2016,0.008345491201510591,0.008769679954023838,-0.008842765664319003,0.025533748067340184,0.9516300760418727,0.34615303427109045,FALSE,FALSE
diagnostic_1952_start,minimal_full_panel,cluster_state,es_2020,2020,0.008745206675719555,0.008277414346646207,-0.007478227328822147,0.024968640680261257,1.056514306217241,0.2961337872151022,FALSE,FALSE
diagnostic_1952_start,minimal_full_panel,newey_west_lag1,es_1952,1952,-0.008093707899760619,0.006816513199881754,-0.02145382827167073,0.005266412472149493,-1.1873677439517054,0.25140926088524007,FALSE,FALSE
diagnostic_1952_start,minimal_full_panel,newey_west_lag1,es_1956,1956,-0.00820866964539658,0.006089310107892513,-0.02014349814756161,0.0037261588567684533,-1.3480459198090617,0.1953331363942516,FALSE,FALSE
diagnostic_1952_start,minimal_full_panel,newey_west_lag1,es_1960,1960,-7.371425824261644e-4,0.004498178655363355,-0.009553410742965144,0.008079125578112816,-0.16387579038178937,0.871761473508513,FALSE,FALSE
diagnostic_1952_start,minimal_full_panel,newey_west_lag1,es_1964,1964,-5.750126080220198e-4,0.00395455776865267,-0.00832580340936433,0.00717577819332029,-0.14540503430752216,0.886101204222213,FALSE,FALSE
diagnostic_1952_start,minimal_full_panel,newey_west_lag1,es_1968,1968,-0.0014930686052433766,0.0038167383649758647,-0.008973738339008362,0.005987601128521608,-0.3911896657482358,0.7005165499124704,FALSE,FALSE
diagnostic_1952_start,minimal_full_panel,newey_west_lag1,es_1972,1972,1.5348213288024303e-4,0.002655085227841721,-0.005050389289573852,0.005357353555334338,0.05780685729813892,0.9545765227240411,FALSE,FALSE
diagnostic_1952_start,minimal_full_panel,newey_west_lag1,es_1976,1976,-0.007392134206754613,0.004328444763006256,-0.01587573005131788,0.001091461637808655,-1.707803752038762,0.10586770250700242,FALSE,FALSE
diagnostic_1952_start,minimal_full_panel,newey_west_lag1,es_1980,1980,-0.007256911167998786,0.004280481326899164,-0.015646500405217367,0.0011326780692197946,-1.6953493342898862,0.10824541239876487,FALSE,FALSE
diagnostic_1952_start,minimal_full_panel,newey_west_lag1,es_1984,1984,-6.256487718884748e-4,0.0018205520997765002,-0.004193865319429185,0.0029425677756522352,-0.34365881205227933,0.7353165838226952,FALSE,FALSE
diagnostic_1952_start,minimal_full_panel,newey_west_lag1,es_1992,1992,-0.0032763209176825472,0.0017522106440633432,-0.006710590673374431,1.5794883800933617e-4,-1.8698213760902749,0.07883170772917554,FALSE,FALSE
diagnostic_1952_start,minimal_full_panel,newey_west_lag1,es_1996,1996,-0.002374455252083565,0.002524415148398538,-0.007322218024972034,0.002573307520804904,-0.9405961826801325,0.36008626885386696,FALSE,FALSE
diagnostic_1952_start,minimal_full_panel,newey_west_lag1,es_2000,2000,-0.0011001946879181347,0.0032157094501377,-0.007402869394933125,0.005202480019096856,-0.342131248167033,0.7364453814054932,FALSE,FALSE
diagnostic_1952_start,minimal_full_panel,newey_west_lag1,es_2004,2004,-4.969780139782601e-4,0.0034562259477774796,-0.007271056394054932,0.006277100366098412,-0.1437921077751994,0.8873554053461414,FALSE,FALSE
diagnostic_1952_start,minimal_full_panel,newey_west_lag1,es_2008,2008,0.002044714951376052,0.00411020639965826,-0.006011141560980178,0.010100571463732283,0.49747257255646776,0.6252288595051873,FALSE,FALSE
diagnostic_1952_start,minimal_full_panel,newey_west_lag1,es_2012,2012,0.0030284015705200826,0.00484924388409259,-0.0064759417945525165,0.012532744935592682,0.6245100561871965,0.5405843643727752,FALSE,FALSE
diagnostic_1952_start,minimal_full_panel,newey_west_lag1,es_2016,2016,0.008345491201510591,0.006890030046562355,-0.00515871954215045,0.021849701945171635,1.2112416266855628,0.2423721124310542,FALSE,FALSE
diagnostic_1952_start,minimal_full_panel,newey_west_lag1,es_2020,2020,0.008745206675719555,0.006129278165102862,-0.0032679577791097977,0.02075837113054891,1.426792264953893,0.17174850043464457,FALSE,FALSE
diagnostic_1952_start,minimal_full_panel,driscoll_kraay_lag1,es_1952,1952,-0.008093707899760619,2.599228191040262e-16,-0.008093707899761129,-0.008093707899760109,-31138889335150.516,2.2542153882915614e-220,FALSE,FALSE
diagnostic_1952_start,minimal_full_panel,driscoll_kraay_lag1,es_1956,1956,-0.00820866964539658,2.649492067378312e-16,-0.008208669645397099,-0.008208669645396061,-30982050282260.734,2.456268232808415e-220,FALSE,FALSE
diagnostic_1952_start,minimal_full_panel,driscoll_kraay_lag1,es_1960,1960,-7.371425824261644e-4,2.447984221958315e-16,-7.371425824266441e-4,-7.371425824256846e-4,-3011222767753.2666,3.9858354408095253e-203,FALSE,FALSE
diagnostic_1952_start,minimal_full_panel,driscoll_kraay_lag1,es_1964,1964,-5.750126080220198e-4,2.4384343230330927e-16,-5.750126080224978e-4,-5.750126080215419e-4,-2358122187628.9023,2.544024204360059e-201,FALSE,FALSE
diagnostic_1952_start,minimal_full_panel,driscoll_kraay_lag1,es_1968,1968,-0.0014930686052433766,2.4290824462358226e-16,-0.0014930686052438528,-0.0014930686052429005,-6146636181728.124,2.1493680052232544e-208,FALSE,FALSE
diagnostic_1952_start,minimal_full_panel,driscoll_kraay_lag1,es_1972,1972,1.5348213288024303e-4,2.445086766403501e-16,1.534821328797638e-4,1.5348213288072225e-4,627716508833.7589,1.503723738107725e-191,FALSE,FALSE
diagnostic_1952_start,minimal_full_panel,driscoll_kraay_lag1,es_1976,1976,-0.007392134206754613,2.4581133370270375e-16,-0.007392134206755095,-0.007392134206754132,-30072389646992.527,4.076556247726672e-220,FALSE,FALSE
diagnostic_1952_start,minimal_full_panel,driscoll_kraay_lag1,es_1980,1980,-0.007256911167998786,2.4495376503964966e-16,-0.007256911167999267,-0.007256911167998306,-29625636359678.49,5.25772327799006e-220,FALSE,FALSE
diagnostic_1952_start,minimal_full_panel,driscoll_kraay_lag1,es_1984,1984,-6.256487718884748e-4,2.33870458739986e-16,-6.256487718889332e-4,-6.256487718880164e-4,-2675193674563.501,2.9792676853630453e-202,FALSE,FALSE
diagnostic_1952_start,minimal_full_panel,driscoll_kraay_lag1,es_1992,1992,-0.0032763209176825472,2.3865230231250307e-16,-0.003276320917683015,-0.0032763209176820793,-13728427867384.959,2.5095434083975554e-214,FALSE,FALSE
diagnostic_1952_start,minimal_full_panel,driscoll_kraay_lag1,es_1996,1996,-0.002374455252083565,2.4526346263267584e-16,-0.0023744552520840456,-0.0023744552520830846,-9681243290769.81,9.513035924381931e-212,FALSE,FALSE
diagnostic_1952_start,minimal_full_panel,driscoll_kraay_lag1,es_2000,2000,-0.0011001946879181347,2.433841882522327e-16,-0.0011001946879186117,-0.0011001946879176576,-4520403300718.702,3.9915015276089893e-206,FALSE,FALSE
diagnostic_1952_start,minimal_full_panel,driscoll_kraay_lag1,es_2004,2004,-4.969780139782601e-4,2.4325081643209563e-16,-4.969780139787368e-4,-4.969780139777834e-4,-2043068225906.6265,2.912994288998397e-200,FALSE,FALSE
diagnostic_1952_start,minimal_full_panel,driscoll_kraay_lag1,es_2008,2008,0.002044714951376052,2.461055544016409e-16,0.00204471495137557,0.0020447149513765344,8308284452772.266,1.2807234019928265e-210,FALSE,FALSE
diagnostic_1952_start,minimal_full_panel,driscoll_kraay_lag1,es_2012,2012,0.0030284015705200826,2.431133935083124e-16,0.003028401570519606,0.003028401570520559,12456745088445.887,1.3099979129555663e-213,FALSE,FALSE
diagnostic_1952_start,minimal_full_panel,driscoll_kraay_lag1,es_2016,2016,0.008345491201510591,2.9878082593967607e-16,0.008345491201510005,0.008345491201511178,27931816492118.367,1.430415985318468e-219,FALSE,FALSE
diagnostic_1952_start,minimal_full_panel,driscoll_kraay_lag1,es_2020,2020,0.008745206675719555,2.588945004440525e-16,0.008745206675719047,0.008745206675720063,33779036096633.53,5.651257848146755e-221,FALSE,FALSE
diagnostic_1952_start,interacted_core_controls_diagnostic,heteroskedastic,es_1952,1952,0.0015629854202917053,0.004733642330341046,-0.007714783062870994,0.010840753903454405,0.3301866324528783,0.7412646213009432,FALSE,FALSE
diagnostic_1952_start,interacted_core_controls_diagnostic,heteroskedastic,es_1956,1956,-1.5685411347121157e-4,0.005177545247655493,-0.010304656327202488,0.009990948100260065,-0.030295073431224687,0.9758322215999577,FALSE,FALSE
diagnostic_1952_start,interacted_core_controls_diagnostic,heteroskedastic,es_1960,1960,0.0012316645331657608,0.0035037488948026878,-0.005635557111519523,0.008098886177851044,0.3515276265924078,0.725198626490007,FALSE,FALSE
diagnostic_1952_start,interacted_core_controls_diagnostic,heteroskedastic,es_1964,1964,-0.0016353181441663622,0.004794193568134477,-0.011031764872623508,0.007761128584290784,-0.3411039043220567,0.733031241436879,FALSE,FALSE
diagnostic_1952_start,interacted_core_controls_diagnostic,heteroskedastic,es_1968,1968,0.0010214634544342472,0.0037975291045373376,-0.006421556820701574,0.008464483729570068,0.2689810733020556,0.7879487999704089,FALSE,FALSE
diagnostic_1952_start,interacted_core_controls_diagnostic,heteroskedastic,es_1972,1972,0.002049430621086249,0.003140186805231626,-0.004105222421895629,0.008204083664068128,0.6526460838800573,0.5139967769153341,FALSE,FALSE
diagnostic_1952_start,interacted_core_controls_diagnostic,heteroskedastic,es_1976,1976,-0.005056451387246863,0.003109226272976265,-0.011150422902066044,0.0010375201275723165,-1.6262732086097558,0.10391739890132567,FALSE,FALSE
diagnostic_1952_start,interacted_core_controls_diagnostic,heteroskedastic,es_1980,1980,-4.7589303889574927e-4,0.0025428716430183278,-0.005459829876519863,0.0045080437987283645,-0.18714788070501098,0.8515478027654029,FALSE,FALSE
diagnostic_1952_start,interacted_core_controls_diagnostic,heteroskedastic,es_1984,1984,3.7220158536997093e-4,0.002364509177613175,-0.004262151243866272,0.005006554414606215,0.157411774457854,0.8749229417824985,FALSE,FALSE
diagnostic_1952_start,interacted_core_controls_diagnostic,heteroskedastic,es_1992,1992,-0.003446498483900535,0.002628897659421565,-0.008599043215408445,0.0017060462476073757,-1.3110051932028677,0.1898807067293506,FALSE,FALSE
diagnostic_1952_start,interacted_core_controls_diagnostic,heteroskedastic,es_1996,1996,-0.0038908432274644676,0.0027457428239786455,-0.009272400273271912,0.0014907138183429766,-1.417045760253156,0.15649510731087457,FALSE,FALSE
diagnostic_1952_start,interacted_core_controls_diagnostic,heteroskedastic,es_2000,2000,-0.0029080977952242884,0.0028462424352647957,-0.008486630459612864,0.002670434869164286,-1.0217322878729893,0.30692790268114006,FALSE,FALSE
diagnostic_1952_start,interacted_core_controls_diagnostic,heteroskedastic,es_2004,2004,-0.0028778307787686325,0.002667917599048154,-0.008106853186623585,0.0023511916290863202,-1.0786805333850529,0.2807515117975511,FALSE,FALSE
diagnostic_1952_start,interacted_core_controls_diagnostic,heteroskedastic,es_2008,2008,9.850272697038817e-4,0.0029058526127761597,-0.004710339195719005,0.006680393735126769,0.3389804649323965,0.7346302859731277,FALSE,FALSE
diagnostic_1952_start,interacted_core_controls_diagnostic,heteroskedastic,es_2012,2012,0.0010311114921310858,0.003016094645680119,-0.004880325387366042,0.006942548371628212,0.3418697399327048,0.7324548168465017,FALSE,FALSE
diagnostic_1952_start,interacted_core_controls_diagnostic,heteroskedastic,es_2016,2016,8.370978990992374e-4,0.002665241953170817,-0.004386680339200752,0.006060876137399226,0.31407951465845296,0.7534660228644512,FALSE,FALSE
diagnostic_1952_start,interacted_core_controls_diagnostic,heteroskedastic,es_2020,2020,2.2974111204290332e-4,0.0026399671319192524,-0.004944499386888332,0.005403981610974138,0.08702423195544932,0.9306536803438696,FALSE,FALSE
diagnostic_1952_start,interacted_core_controls_diagnostic,cluster_cz,es_1952,1952,0.0015629854202917053,0.005181093848511159,-0.008591771923312187,0.011717742763895598,0.30167093397484884,0.7629899165697127,FALSE,FALSE
diagnostic_1952_start,interacted_core_controls_diagnostic,cluster_cz,es_1956,1956,-1.5685411347121157e-4,0.005437952148661442,-0.010815044474499836,0.010501336247557414,-0.02884433499655222,0.9769967233370436,FALSE,FALSE
diagnostic_1952_start,interacted_core_controls_diagnostic,cluster_cz,es_1960,1960,0.0012316645331657608,0.004193475585837729,-0.0069873965851241894,0.00945072565145571,0.29370971833611176,0.7690642527349899,FALSE,FALSE
diagnostic_1952_start,interacted_core_controls_diagnostic,cluster_cz,es_1964,1964,-0.0016353181441663622,0.004584211199048847,-0.010620206991827277,0.007349570703494551,-0.35672836026962834,0.7213995451189791,FALSE,FALSE
diagnostic_1952_start,interacted_core_controls_diagnostic,cluster_cz,es_1968,1968,0.0010214634544342472,0.00431003472926399,-0.007426049387040013,0.009468976295908508,0.23699657162824742,0.8127267699970724,FALSE,FALSE
diagnostic_1952_start,interacted_core_controls_diagnostic,cluster_cz,es_1972,1972,0.002049430621086249,0.0025065101258907084,-0.0028632389525444944,0.006962100194716992,0.8176430647205015,0.41383114205746496,FALSE,FALSE
diagnostic_1952_start,interacted_core_controls_diagnostic,cluster_cz,es_1976,1976,-0.005056451387246863,0.0029289382490005587,-0.010797064868229764,6.841620937360392e-4,-1.7263769179743804,0.08470799581517965,FALSE,FALSE
diagnostic_1952_start,interacted_core_controls_diagnostic,cluster_cz,es_1980,1980,-4.7589303889574927e-4,0.00261114033396902,-0.005593634052054915,0.004641847974263417,-0.18225486876547,0.8554339450370007,FALSE,FALSE
diagnostic_1952_start,interacted_core_controls_diagnostic,cluster_cz,es_1984,1984,3.7220158536997093e-4,0.001136031100964347,-0.001854378457837534,0.0025987816285774758,0.3276332708268451,0.7432840722247137,FALSE,FALSE
diagnostic_1952_start,interacted_core_controls_diagnostic,cluster_cz,es_1992,1992,-0.003446498483900535,0.0013473603423927339,-0.006087276229187848,-8.05720738613222e-4,-2.5579634307627086,0.010732061128385127,FALSE,FALSE
diagnostic_1952_start,interacted_core_controls_diagnostic,cluster_cz,es_1996,1996,-0.0038908432274644676,0.0025939057332627934,-0.008974805043951501,0.0011931185890225664,-1.499994073635936,0.13405367937650653,FALSE,FALSE
diagnostic_1952_start,interacted_core_controls_diagnostic,cluster_cz,es_2000,2000,-0.0029080977952242884,0.002874003676724949,-0.008541041493040883,0.0027248459025923065,-1.011862934893038,0.3119430364348989,FALSE,FALSE
diagnostic_1952_start,interacted_core_controls_diagnostic,cluster_cz,es_2004,2004,-0.0028778307787686325,0.0024087735212584486,-0.007598940127348916,0.0018432785698116513,-1.1947286672535025,0.23258591860913716,FALSE,FALSE
diagnostic_1952_start,interacted_core_controls_diagnostic,cluster_cz,es_2008,2008,9.850272697038817e-4,0.0026990764001487517,-0.004305065266109689,0.006275119805517453,0.36494975453440104,0.7152559355472502,FALSE,FALSE
diagnostic_1952_start,interacted_core_controls_diagnostic,cluster_cz,es_2012,2012,0.0010311114921310858,0.0028863901232731278,-0.004626109194816369,0.006688332179078542,0.35723219942348583,0.7210225173736331,FALSE,FALSE
diagnostic_1952_start,interacted_core_controls_diagnostic,cluster_cz,es_2016,2016,8.370978990992374e-4,0.0024919136175633808,-0.004046963043909905,0.005721158842108379,0.3359257292063601,0.737024606213776,FALSE,FALSE
diagnostic_1952_start,interacted_core_controls_diagnostic,cluster_cz,es_2020,2020,2.2974111204290332e-4,0.0026945852115342808,-0.005051548855838529,0.005511031079924335,0.0852602883217377,0.9320781310221565,FALSE,FALSE
diagnostic_1952_start,interacted_core_controls_diagnostic,cluster_state,es_1952,1952,0.0015629854202917053,0.006275919717209258,-0.010737591195303237,0.013863562035886647,0.24904483975565023,0.8044112355553621,FALSE,FALSE
diagnostic_1952_start,interacted_core_controls_diagnostic,cluster_state,es_1956,1956,-1.5685411347121157e-4,0.006516343658617473,-0.012928652995247423,0.012614944768305,-0.02407087803967819,0.980897981482675,FALSE,FALSE
diagnostic_1952_start,interacted_core_controls_diagnostic,cluster_state,es_1960,1960,0.0012316645331657608,0.004261062199350772,-0.0071198639134467815,0.009583192979778303,0.2890510571175001,0.7738134705253955,FALSE,FALSE
diagnostic_1952_start,interacted_core_controls_diagnostic,cluster_state,es_1964,1964,-0.0016353181441663622,0.004964683943491426,-0.011365919868033841,0.008095283579701119,-0.3293901812843943,0.7433242459039715,FALSE,FALSE
diagnostic_1952_start,interacted_core_controls_diagnostic,cluster_state,es_1968,1968,0.0010214634544342472,0.0035658035862910164,-0.005967383150639905,0.0080103100595084,0.28646094203318867,0.7757840871573791,FALSE,FALSE
diagnostic_1952_start,interacted_core_controls_diagnostic,cluster_state,es_1972,1972,0.002049430621086249,0.0031196542992458303,-0.0040649794496511165,0.008163840691823614,0.6569415789376709,0.5144226164669582,FALSE,FALSE
diagnostic_1952_start,interacted_core_controls_diagnostic,cluster_state,es_1976,1976,-0.005056451387246863,0.003740852071029443,-0.01238838671795664,0.0022754839434629146,-1.3516844000343968,0.1829460891829483,FALSE,FALSE
diagnostic_1952_start,interacted_core_controls_diagnostic,cluster_state,es_1980,1980,-4.7589303889574927e-4,0.0031399536763735817,-0.006630089157712103,0.005678303079920605,-0.1515605285761321,0.8801822586832156,FALSE,FALSE
diagnostic_1952_start,interacted_core_controls_diagnostic,cluster_state,es_1984,1984,3.7220158536997093e-4,0.0012828418673852709,-0.0021421222725652674,0.002886525443305209,0.29013832088954505,0.7729867036111298,FALSE,FALSE
diagnostic_1952_start,interacted_core_controls_diagnostic,cluster_state,es_1992,1992,-0.003446498483900535,0.0017052543845824325,-0.0067887356621611165,-1.0426130563995434e-4,-2.0211051882118354,0.048985342109314184,FALSE,FALSE
diagnostic_1952_start,interacted_core_controls_diagnostic,cluster_state,es_1996,1996,-0.0038908432274644676,0.0026632006540381727,-0.009110620592982802,0.001328934138053866,-1.4609651066151692,0.1506785333099998,FALSE,FALSE
diagnostic_1952_start,interacted_core_controls_diagnostic,cluster_state,es_2000,2000,-0.0029080977952242884,0.0028269647417206046,-0.008448846874561248,0.0026326512841126706,-1.0286997047774649,0.3088859144687689,FALSE,FALSE
diagnostic_1952_start,interacted_core_controls_diagnostic,cluster_state,es_2004,2004,-0.0028778307787686325,0.002800060724238013,-0.008365848952800275,0.0026101873952630106,-1.0277744171251084,0.30931647765628234,FALSE,FALSE
diagnostic_1952_start,interacted_core_controls_diagnostic,cluster_state,es_2008,2008,9.850272697038817e-4,0.0033472016671978405,-0.0055753674469963075,0.007545421986404071,0.2942838130600335,0.7698368742341796,FALSE,FALSE
diagnostic_1952_start,interacted_core_controls_diagnostic,cluster_state,es_2012,2012,0.0010311114921310858,0.003388618602117614,-0.005610458925361899,0.007672681909624069,0.30428667643113455,0.7622527112670672,FALSE,FALSE
diagnostic_1952_start,interacted_core_controls_diagnostic,cluster_state,es_2016,2016,8.370978990992374e-4,0.0030757293029161233,-0.005191220760810849,0.006865416559009323,0.2721624098406769,0.7866892288742997,FALSE,FALSE
diagnostic_1952_start,interacted_core_controls_diagnostic,cluster_state,es_2020,2020,2.2974111204290332e-4,0.00301408051785781,-0.005677748149462238,0.0061372303735480445,0.07622261936326327,0.9395655279833317,FALSE,FALSE
diagnostic_1952_start,interacted_core_controls_diagnostic,newey_west_lag1,es_1952,1952,0.0015629854202917053,0.004870690370626072,-0.00798339228598144,0.011109363126564851,0.3208960745519123,0.7522003714337893,FALSE,FALSE
diagnostic_1952_start,interacted_core_controls_diagnostic,newey_west_lag1,es_1956,1956,-1.5685411347121157e-4,0.0053274451302742915,-0.010598454698422115,0.010284746471479693,-0.029442652084740607,0.9768544480903616,FALSE,FALSE
diagnostic_1952_start,interacted_core_controls_diagnostic,newey_west_lag1,es_1960,1960,0.0012316645331657608,0.003605189157115194,-0.0058343763722343315,0.008297705438565853,0.34163659089425313,0.7368110428961662,FALSE,FALSE
diagnostic_1952_start,interacted_core_controls_diagnostic,newey_west_lag1,es_1964,1964,-0.0016353181441663622,0.004932994683091635,-0.011303810058953541,0.008033173770620815,-0.33150616394775156,0.7443138541431785,FALSE,FALSE
diagnostic_1952_start,interacted_core_controls_diagnostic,newey_west_lag1,es_1968,1968,0.0010214634544342472,0.0039074748683662576,-0.006637046558059003,0.008679973466927497,0.26141267412970676,0.7969150320286448,FALSE,FALSE
diagnostic_1952_start,interacted_core_controls_diagnostic,newey_west_lag1,es_1972,1972,0.002049430621086249,0.003231101246533548,-0.004283411452521977,0.008382272694694475,0.6342823900318687,0.5343395619656873,FALSE,FALSE
diagnostic_1952_start,interacted_core_controls_diagnostic,newey_west_lag1,es_1976,1976,-0.005056451387246863,0.003199244347384429,-0.011326855085863691,0.0012139523113699653,-1.5805142834372157,0.1324146034231188,FALSE,FALSE
diagnostic_1952_start,interacted_core_controls_diagnostic,newey_west_lag1,es_1980,1980,-4.7589303889574927e-4,0.002616492662743095,-0.00560412442368552,0.0046523383458940215,-0.18188204601989197,0.8578264135239958,FALSE,FALSE
diagnostic_1952_start,interacted_core_controls_diagnostic,newey_west_lag1,es_1984,1984,3.7220158536997093e-4,0.0019189362073063,-0.003388844269580263,0.004133247440320204,0.19396245896701675,0.8485040726433373,FALSE,FALSE
diagnostic_1952_start,interacted_core_controls_diagnostic,newey_west_lag1,es_1992,1992,-0.003446498483900535,0.002162188927517957,-0.007684310909607015,7.91313941805945e-4,-1.593985816890144,0.12936088878474092,FALSE,FALSE
diagnostic_1952_start,interacted_core_controls_diagnostic,newey_west_lag1,es_1996,1996,-0.0038908432274644676,0.002825237354171811,-0.00942820668941845,0.0016465202344895136,-1.377173929021984,0.18632303005054335,FALSE,FALSE
diagnostic_1952_start,interacted_core_controls_diagnostic,newey_west_lag1,es_2000,2000,-0.0029080977952242884,0.0029286466222961907,-0.008648139698369698,0.002831944107921122,-0.9929835074961038,0.3346424434128211,FALSE,FALSE
diagnostic_1952_start,interacted_core_controls_diagnostic,newey_west_lag1,es_2004,2004,-0.0028778307787686325,0.002745158939452738,-0.008258243431934167,0.0025025818743969032,-1.0483293835592424,0.3091632619979756,FALSE,FALSE
diagnostic_1952_start,interacted_core_controls_diagnostic,newey_west_lag1,es_2008,2008,9.850272697038817e-4,0.002989982628976446,-0.004875230997490337,0.006845285536898101,0.3294424723935884,0.7458455470251288,FALSE,FALSE
diagnostic_1952_start,interacted_core_controls_diagnostic,newey_west_lag1,es_2012,2012,0.0010311114921310858,0.0031034163805427235,-0.005051472842764301,0.007113695827026473,0.3322504510177154,0.7437617067801968,FALSE,FALSE
diagnostic_1952_start,interacted_core_controls_diagnostic,newey_west_lag1,es_2016,2016,8.370978990992374e-4,0.0027424058284864993,-0.004537918755727028,0.006212114553925502,0.30524216744435,0.763887433140662,FALSE,FALSE
diagnostic_1952_start,interacted_core_controls_diagnostic,newey_west_lag1,es_2020,2020,2.2974111204290332e-4,0.0027163992525988086,-0.0050943035906822805,0.005553785814768087,0.08457560567472087,0.9335868165030341,FALSE,FALSE
diagnostic_1952_start,interacted_core_controls_diagnostic,driscoll_kraay_lag1,es_1952,1952,0.0015629854202917053,2.729099038549803e-15,0.0015629854202863563,0.0015629854202970543,572711139542.3192,7.148957236642145e-191,FALSE,FALSE
diagnostic_1952_start,interacted_core_controls_diagnostic,driscoll_kraay_lag1,es_1956,1956,-1.5685411347121157e-4,2.731542110676478e-15,-1.568541134765653e-4,-1.5685411346585783e-4,-57423282203.16764,6.83364175869975e-174,FALSE,FALSE
diagnostic_1952_start,interacted_core_controls_diagnostic,driscoll_kraay_lag1,es_1960,1960,0.0012316645331657608,2.7213752627663523e-15,0.001231664533160427,0.0012316645331710947,452589008953.4143,3.910032492138387e-189,FALSE,FALSE
diagnostic_1952_start,interacted_core_controls_diagnostic,driscoll_kraay_lag1,es_1964,1964,-0.0016353181441663622,2.7231097088662142e-15,-0.0016353181441716993,-0.001635318144161025,-600533331008.2605,3.1916659612490075e-191,FALSE,FALSE
diagnostic_1952_start,interacted_core_controls_diagnostic,driscoll_kraay_lag1,es_1968,1968,0.0010214634544342472,2.7210888291196226e-15,0.001021463454428914,0.0010214634544395804,375387765185.4277,9.396940623045478e-188,FALSE,FALSE
diagnostic_1952_start,interacted_core_controls_diagnostic,driscoll_kraay_lag1,es_1972,1972,0.002049430621086249,2.7211392052256837e-15,0.0020494306210809155,0.0020494306210915823,753151701004.6808,6.794329035885282e-193,FALSE,FALSE
diagnostic_1952_start,interacted_core_controls_diagnostic,driscoll_kraay_lag1,es_1976,1976,-0.005056451387246863,2.721443422019574e-15,-0.005056451387252197,-0.005056451387241529,-1858003494151.0884,1.463381189971119e-199,FALSE,FALSE
diagnostic_1952_start,interacted_core_controls_diagnostic,driscoll_kraay_lag1,es_1980,1980,-4.7589303889574927e-4,2.7398617086721925e-15,-4.758930389011193e-4,-4.758930388903792e-4,-173692357314.77094,4.601255588869033e-182,FALSE,FALSE
diagnostic_1952_start,interacted_core_controls_diagnostic,driscoll_kraay_lag1,es_1984,1984,3.7220158536997093e-4,2.7202314236249245e-15,3.7220158536463937e-4,3.722015853753025e-4,136827176591.46175,2.6559396614958406e-180,FALSE,FALSE
diagnostic_1952_start,interacted_core_controls_diagnostic,driscoll_kraay_lag1,es_1992,1992,-0.003446498483900535,2.8152297082909086e-15,-0.003446498483906053,-0.0034464984838950175,-1224233487502.113,1.7597707014682732e-196,FALSE,FALSE
diagnostic_1952_start,interacted_core_controls_diagnostic,driscoll_kraay_lag1,es_1996,1996,-0.0038908432274644676,2.7287058066509795e-15,-0.0038908432274698157,-0.0038908432274591194,-1425893263385.4778,1.3172527824668952e-197,FALSE,FALSE
diagnostic_1952_start,interacted_core_controls_diagnostic,driscoll_kraay_lag1,es_2000,2000,-0.0029080977952242884,2.748511348319524e-15,-0.0029080977952296756,-0.0029080977952189013,-1058062866286.6311,2.1011322147678615e-195,FALSE,FALSE
diagnostic_1952_start,interacted_core_controls_diagnostic,driscoll_kraay_lag1,es_2004,2004,-0.0028778307787686325,2.739148050360429e-15,-0.002877830778774001,-0.002877830778763264,-1050629876829.752,2.368659983505504e-195,FALSE,FALSE
diagnostic_1952_start,interacted_core_controls_diagnostic,driscoll_kraay_lag1,es_2008,2008,9.850272697038817e-4,2.7296893557610683e-15,9.850272696985316e-4,9.850272697092318e-4,360856911291.0084,1.8384547681234814e-187,FALSE,FALSE
diagnostic_1952_start,interacted_core_controls_diagnostic,driscoll_kraay_lag1,es_2012,2012,0.0010311114921310858,2.736640664323256e-15,0.001031111492125722,0.0010311114921364496,376780008268.3012,8.823785550726116e-188,FALSE,FALSE
diagnostic_1952_start,interacted_core_controls_diagnostic,driscoll_kraay_lag1,es_2016,2016,8.370978990992374e-4,2.863026973747411e-15,8.37097899093626e-4,8.370978991048488e-4,292382121012.1403,6.5763453048597904e-186,FALSE,FALSE
diagnostic_1952_start,interacted_core_controls_diagnostic,driscoll_kraay_lag1,es_2020,2020,2.2974111204290332e-4,2.8487443783685747e-15,2.297411120373199e-4,2.2974111204848675e-4,80646446830.18979,2.1242194227227395e-176,FALSE,FALSE
diagnostic_1952_start,interacted_controls_full_panel,heteroskedastic,es_1952,1952,0.0014983756847416483,0.004671256341028832,-0.007657118506229212,0.01065386987571251,0.3207650309363315,0.7483939835451416,FALSE,FALSE
diagnostic_1952_start,interacted_controls_full_panel,heteroskedastic,es_1956,1956,0.0025309480175951193,0.005377292676557124,-0.00800835196278783,0.01307024799797807,0.4706732866948185,0.6378825211846237,FALSE,FALSE
diagnostic_1952_start,interacted_controls_full_panel,heteroskedastic,es_1960,1960,0.0012150079952990723,0.003567795973088011,-0.005777743616140463,0.008207759606738608,0.34054862006233344,0.73344930835641,FALSE,FALSE
diagnostic_1952_start,interacted_controls_full_panel,heteroskedastic,es_1964,1964,-0.001908173182082907,0.0047857271030835235,-0.011288025943963817,0.007471679579798003,-0.39872168658623247,0.6901053003665375,FALSE,FALSE
diagnostic_1952_start,interacted_controls_full_panel,heteroskedastic,es_1968,1968,7.357357621705873e-4,0.0036983986293733276,-0.006512992351873432,0.007984463876214607,0.19893360232378562,0.8423180159005187,FALSE,FALSE
diagnostic_1952_start,interacted_controls_full_panel,heteroskedastic,es_1972,1972,0.0019506835101082223,0.003067210730347398,-0.004060939054367471,0.007962306074583916,0.6359796184878644,0.5248016974219758,FALSE,FALSE
diagnostic_1952_start,interacted_controls_full_panel,heteroskedastic,es_1976,1976,-0.0037726793449899087,0.0029213204999321996,-0.009498362312155563,0.0019530036221757463,-1.2914294563288993,0.19657939369872304,FALSE,FALSE
diagnostic_1952_start,interacted_controls_full_panel,heteroskedastic,es_1980,1980,-0.0013191447652871342,0.002341602167037566,-0.005908600678801706,0.003270311148227437,-0.5633513599605289,0.573206057634581,FALSE,FALSE
diagnostic_1952_start,interacted_controls_full_panel,heteroskedastic,es_1984,1984,-2.935787515005332e-4,0.002133043544368256,-0.004474267275917978,0.003887109772916912,-0.1376337357367369,0.8905321749020965,FALSE,FALSE
diagnostic_1952_start,interacted_controls_full_panel,heteroskedastic,es_1992,1992,-0.004074338434313284,0.00237577509525634,-0.008730772056382924,5.82095187756356e-4,-1.7149512352614649,0.08637969223237087,FALSE,FALSE
diagnostic_1952_start,interacted_controls_full_panel,heteroskedastic,es_1996,1996,-0.006644795420749965,0.002668339285464829,-0.01187464431879437,-0.0014149465227055597,-2.490236326746743,0.012779088130711417,FALSE,FALSE
diagnostic_1952_start,interacted_controls_full_panel,heteroskedastic,es_2000,2000,-0.00684218962419473,0.002901837776916199,-0.012529687155928254,-0.001154692092461206,-2.3578815048255275,0.01839533271356763,FALSE,FALSE
diagnostic_1952_start,interacted_controls_full_panel,heteroskedastic,es_2004,2004,-0.005984782547567326,0.0027905513970153456,-0.011454162782725335,-5.15402312409317e-4,-2.144659494166061,0.031999873941114775,FALSE,FALSE
diagnostic_1952_start,interacted_controls_full_panel,heteroskedastic,es_2008,2008,-0.0016968722470185093,0.003032019099768999,-0.007639520483003302,0.004245775988966283,-0.5596509095697284,0.5757278994093729,FALSE,FALSE
diagnostic_1952_start,interacted_controls_full_panel,heteroskedastic,es_2012,2012,-0.001751544068062512,0.003202454991912781,-0.00802824051432207,0.004525152378197047,-0.5469379187172712,0.5844314383378514,FALSE,FALSE
diagnostic_1952_start,interacted_controls_full_panel,heteroskedastic,es_2016,2016,-0.0012223662962518092,0.0027502342648358245,-0.0066127264043780165,0.004167993811874398,-0.44445897277946195,0.6567187090105373,FALSE,FALSE
diagnostic_1952_start,interacted_controls_full_panel,heteroskedastic,es_2020,2020,-0.0017706696963304595,0.002641244668189215,-0.006947414120339764,0.0034060747276788454,-0.6703921517215577,0.5026205907898265,FALSE,FALSE
diagnostic_1952_start,interacted_controls_full_panel,cluster_cz,es_1952,1952,0.0014983756847416483,0.004966356781080631,-0.008235504740552659,0.011232256110035956,0.30170520379238974,0.7629638002908412,FALSE,FALSE
diagnostic_1952_start,interacted_controls_full_panel,cluster_cz,es_1956,1956,0.0025309480175951193,0.005504742817136657,-0.008258149648148281,0.01332004568333852,0.45977588811526265,0.6458156981665075,FALSE,FALSE
diagnostic_1952_start,interacted_controls_full_panel,cluster_cz,es_1960,1960,0.0012150079952990723,0.003989391917697499,-0.006604056483603202,0.009034072474201347,0.3045596974088024,0.7607894049425244,FALSE,FALSE
diagnostic_1952_start,interacted_controls_full_panel,cluster_cz,es_1964,1964,-0.001908173182082907,0.0044665385898725865,-0.010662427953791492,0.0068460815896256785,-0.4272152011424444,0.6693501394906243,FALSE,FALSE
diagnostic_1952_start,interacted_controls_full_panel,cluster_cz,es_1968,1968,7.357357621705873e-4,0.003991295395272112,-0.007087059464223308,0.008558530988564482,0.18433508154823694,0.8538024276577678,FALSE,FALSE
diagnostic_1952_start,interacted_controls_full_panel,cluster_cz,es_1972,1972,0.0019506835101082223,0.0024187810139739054,-0.0027900401637699045,0.006691407183986349,0.8064737976851288,0.42023563830917243,FALSE,FALSE
diagnostic_1952_start,interacted_controls_full_panel,cluster_cz,es_1976,1976,-0.0037726793449899087,0.0028984850967733043,-0.009453605744391677,0.0019082470544118592,-1.3016038444323168,0.19346756975458,FALSE,FALSE
diagnostic_1952_start,interacted_controls_full_panel,cluster_cz,es_1980,1980,-0.0013191447652871342,0.002255165892659465,-0.005739188694062806,0.003100899163488537,-0.5849435598422861,0.5587686725171557,FALSE,FALSE
diagnostic_1952_start,interacted_controls_full_panel,cluster_cz,es_1984,1984,-2.935787515005332e-4,0.0011449588921224507,-0.002537656943839417,0.0019504994408383503,-0.2564098619788138,0.7977075173808883,FALSE,FALSE
diagnostic_1952_start,interacted_controls_full_panel,cluster_cz,es_1992,1992,-0.004074338434313284,0.00141083705340973,-0.0068395282470509675,-0.0013091486215756017,-2.8878873180048457,0.003994563151426775,FALSE,FALSE
diagnostic_1952_start,interacted_controls_full_panel,cluster_cz,es_1996,1996,-0.006644795420749965,0.0024548665594558545,-0.011456245464135192,-0.001833345377364736,-2.706784772131504,0.0069545948526482096,FALSE,FALSE
diagnostic_1952_start,interacted_controls_full_panel,cluster_cz,es_2000,2000,-0.00684218962419473,0.0028126878394966887,-0.012354956489362013,-0.0013294227590274462,-2.4326160650017576,0.01523241319444214,FALSE,FALSE
diagnostic_1952_start,interacted_controls_full_panel,cluster_cz,es_2004,2004,-0.005984782547567326,0.002601508495495346,-0.011083645504213185,-8.859195909214678e-4,-2.300504710221129,0.021704243441160405,FALSE,FALSE
diagnostic_1952_start,interacted_controls_full_panel,cluster_cz,es_2008,2008,-0.0016968722470185093,0.0029663099897406,-0.0075107329938914605,0.004116988499854442,-0.572048185418038,0.5674676373660561,FALSE,FALSE
diagnostic_1952_start,interacted_controls_full_panel,cluster_cz,es_2012,2012,-0.001751544068062512,0.0032714355675680673,-0.008163439958239272,0.004660351822114248,-0.5354053386919009,0.5925346993512206,FALSE,FALSE
diagnostic_1952_start,interacted_controls_full_panel,cluster_cz,es_2016,2016,-0.0012223662962518092,0.002826726794570458,-0.006762649007744257,0.0043179164152406385,-0.432431708150825,0.6655569825680446,FALSE,FALSE
diagnostic_1952_start,interacted_controls_full_panel,cluster_cz,es_2020,2020,-0.0017706696963304595,0.002855879282685401,-0.007368090234587928,0.0038267508419270093,-0.6200085931732688,0.535448026911544,FALSE,FALSE
diagnostic_1952_start,interacted_controls_full_panel,cluster_state,es_1952,1952,0.0014983756847416483,0.00652683970667328,-0.011293995073203947,0.014290746442687245,0.22957139321341904,0.8194210001366041,FALSE,FALSE
diagnostic_1952_start,interacted_controls_full_panel,cluster_state,es_1956,1956,0.0025309480175951193,0.007113700523987519,-0.011411648806224124,0.01647354484141436,0.35578501077754393,0.7235935587701394,FALSE,FALSE
diagnostic_1952_start,interacted_controls_full_panel,cluster_state,es_1960,1960,0.0012150079952990723,0.0043353259915949755,-0.007282074809467474,0.00971209080006562,0.28025758562438996,0.7805097766576905,FALSE,FALSE
diagnostic_1952_start,interacted_controls_full_panel,cluster_state,es_1964,1964,-0.001908173182082907,0.005113686987340119,-0.011930815505480667,0.008114469141314853,-0.37315017262631517,0.7107144165394769,FALSE,FALSE
diagnostic_1952_start,interacted_controls_full_panel,cluster_state,es_1968,1968,7.357357621705873e-4,0.0038104326026957933,-0.006732574904630386,0.008204046428971561,0.1930845756594858,0.8477247129492796,FALSE,FALSE
diagnostic_1952_start,interacted_controls_full_panel,cluster_state,es_1972,1972,0.0019506835101082223,0.0030587299642701026,-0.004044317058294664,0.007945684078511109,0.63774296289463694,0.5267359625089154,FALSE,FALSE
diagnostic_1952_start,interacted_controls_full_panel,cluster_state,es_1976,1976,-0.0037726793449899087,0.0037776112801661725,-0.011176661401707852,0.003631302711728035,-0.9986944302072164,0.32305690518378105,FALSE,FALSE
diagnostic_1952_start,interacted_controls_full_panel,cluster_state,es_1980,1980,-0.0013191447652871342,0.0030669592760317593,-0.007330274488360418,0.00469198495778615,-0.43011486184255227,0.6690778803633541,FALSE,FALSE
diagnostic_1952_start,interacted_controls_full_panel,cluster_state,es_1984,1984,-2.935787515005332e-4,0.001261734488773429,-0.0027665329075485107,0.002179375404547444,-0.23267870864489892,0.8170211975684329,FALSE,FALSE
diagnostic_1952_start,interacted_controls_full_panel,cluster_state,es_1992,1992,-0.004074338434313284,0.0017390116500840597,-0.007482738637173611,-6.65938231452958e-4,-2.3429046229312727,0.023418536617483908,FALSE,FALSE
diagnostic_1952_start,interacted_controls_full_panel,cluster_state,es_1996,1996,-0.006644795420749965,0.002987929445617906,-0.012501029522507789,-7.885613189921401e-4,-2.2238796269085985,0.03099896529818113,FALSE,FALSE
diagnostic_1952_start,interacted_controls_full_panel,cluster_state,es_2000,2000,-0.00684218962419473,0.0031050375530876305,-0.01292795139889086,-7.564278494986004e-4,-2.20357709277651,0.03248976376316306,FALSE,FALSE
diagnostic_1952_start,interacted_controls_full_panel,cluster_state,es_2004,2004,-0.005984782547567326,0.0031418905017344166,-0.012142774774335261,1.7320967920060864e-4,-1.9048348579505074,0.06293108038731725,FALSE,FALSE
diagnostic_1952_start,interacted_controls_full_panel,cluster_state,es_2008,2008,-0.0016968722470185093,0.0036434344805625226,-0.008837872608952451,0.0054441281149154325,-0.4657342559805064,0.6435568391470139,FALSE,FALSE
diagnostic_1952_start,interacted_controls_full_panel,cluster_state,es_2012,2012,-0.001751544068062512,0.0038120605059812156,-0.009223045366673227,0.005719957230548203,-0.4594743617826361,0.6480118163047927,FALSE,FALSE
diagnostic_1952_start,interacted_controls_full_panel,cluster_state,es_2016,2016,-0.0012223662962518092,0.00315626001125862,-0.007408522244162688,0.004963789651659069,-0.3872831426725097,0.700294842921245,FALSE,FALSE
diagnostic_1952_start,interacted_controls_full_panel,cluster_state,es_2020,2020,-0.0017706696963304595,0.003052196763688785,-0.007752865426890186,0.004211526034229267,-0.5801296028472576,0.5645982548435934,FALSE,FALSE
diagnostic_1952_start,interacted_controls_full_panel,newey_west_lag1,es_1952,1952,0.0014983756847416483,0.004806498187060269,-0.00792218765365354,0.010918939023136837,0.3117395713943,0.7590292212789683,FALSE,FALSE
diagnostic_1952_start,interacted_controls_full_panel,newey_west_lag1,es_1956,1956,0.0025309480175951193,0.0055329756310206835,-0.008313484946543196,0.013375380981733435,0.45742981469235716,0.6531539388432079,FALSE,FALSE
diagnostic_1952_start,interacted_controls_full_panel,newey_west_lag1,es_1960,1960,0.0012150079952990723,0.00367109052137132,-0.005980197210575082,0.008410213201173227,0.33096650388375914,0.7447142891724683,FALSE,FALSE
diagnostic_1952_start,interacted_controls_full_panel,newey_west_lag1,es_1964,1964,-0.001908173182082907,0.004924283097610564,-0.011559590703078946,0.007743244338913132,-0.3875027378114836,0.7031927722430038,FALSE,FALSE
diagnostic_1952_start,interacted_controls_full_panel,newey_west_lag1,es_1968,1968,7.357357621705873e-4,0.00380547437548509,-0.006722856957870241,0.008194328482211416,0.19333614934059354,0.8489868352086437,FALSE,FALSE
diagnostic_1952_start,interacted_controls_full_panel,newey_west_lag1,es_1972,1972,0.0019506835101082223,0.003156012374071136,-0.004234987077833955,0.0081363540980504,0.6180848738536201,0.5447118247975269,FALSE,FALSE
diagnostic_1952_start,interacted_controls_full_panel,newey_west_lag1,es_1976,1976,-0.0037726793449899087,0.003005898341184222,-0.009664131834899673,0.002118773144919855,-1.2550921278008362,0.22642518851948856,FALSE,FALSE
diagnostic_1952_start,interacted_controls_full_panel,newey_west_lag1,es_1980,1980,-0.0013191447652871342,0.0024093960487303638,-0.006041474245291759,0.00340318471471749,-0.5475001778899157,0.5911514457627994,FALSE,FALSE
diagnostic_1952_start,interacted_controls_full_panel,newey_west_lag1,es_1984,1984,-2.935787515005332e-4,0.001772794639966419,-0.0037681923978203653,0.0031810348948192986,-0.1656022332660563,0.8704234172327856,FALSE,FALSE
diagnostic_1952_start,interacted_controls_full_panel,newey_west_lag1,es_1992,1992,-0.004074338434313284,0.002025525736597911,-0.008044295927804153,-1.043809408224159e-4,-2.011496749064554,0.06040225402242458,FALSE,FALSE
diagnostic_1952_start,interacted_controls_full_panel,newey_west_lag1,es_1996,1996,-0.006644795420749965,0.002745592834501238,-0.01202605849258363,-0.001263532348916299,-2.4201678184948543,0.027000822895523892,FALSE,FALSE
diagnostic_1952_start,interacted_controls_full_panel,newey_west_lag1,es_2000,2000,-0.00684218962419473,0.0029858515559044747,-0.012694351136950381,-9.90028111439078e-4,-2.29153710292945,0.0349725526693714,FALSE,FALSE
diagnostic_1952_start,interacted_controls_full_panel,newey_west_lag1,es_2004,2004,-0.005984782547567326,0.0028713432214892086,-0.011612511848939388,-3.5705324619526337e-4,-2.084314582379792,0.05252862664178522,FALSE,FALSE
diagnostic_1952_start,interacted_controls_full_panel,newey_west_lag1,es_2008,2008,-0.0016968722470185093,0.0031198018781732795,-0.007811571567138552,0.0044178270731015335,-0.5439038481546365,0.5935699170975556,FALSE,FALSE
diagnostic_1952_start,interacted_controls_full_panel,newey_west_lag1,es_2012,2012,-0.001751544068062512,0.003295172216855782,-0.008209962935956851,0.004706874799831827,-0.5315485664460404,0.6019160522904506,FALSE,FALSE
diagnostic_1952_start,interacted_controls_full_panel,newey_west_lag1,es_2016,2016,-0.0012223662962518092,0.0028298588308711607,-0.0067687876860919064,0.0043240550935882876,-0.43195310059884107,0.6712043247437932,FALSE,FALSE
diagnostic_1952_start,interacted_controls_full_panel,newey_west_lag1,es_2020,2020,-0.0017706696963304595,0.00271771377599818,-0.007097290817575246,0.0035559514249143276,-0.6515291315694628,0.5234159695544269,FALSE,FALSE
diagnostic_1952_start,interacted_controls_full_panel,driscoll_kraay_lag1,es_1952,1952,0.0014983756847416483,4.921131507131755e-15,0.001498375684732003,0.0014983756847512936,304477879237.77014,3.3014196756374164e-186,FALSE,FALSE
diagnostic_1952_start,interacted_controls_full_panel,driscoll_kraay_lag1,es_1956,1956,0.0025309480175951193,4.920073439152914e-15,0.002530948017585476,0.0025309480176047626,514412650318.2585,4.4345599969542073e-190,FALSE,FALSE
diagnostic_1952_start,interacted_controls_full_panel,driscoll_kraay_lag1,es_1960,1960,0.0012150079952990723,4.921310720577536e-15,0.0012150079952894268,0.0012150079953087178,246887072222.19165,1.165940733939092e-184,FALSE,FALSE
diagnostic_1952_start,interacted_controls_full_panel,driscoll_kraay_lag1,es_1964,1964,-0.001908173182082907,4.9252667218069674e-15,-0.0019081731820925602,-0.0019081731820732536,-387425349704.27795,5.494799420561826e-188,FALSE,FALSE
diagnostic_1952_start,interacted_controls_full_panel,driscoll_kraay_lag1,es_1968,1968,7.357357621705873e-4,4.9207406812983e-15,7.357357621609428e-4,7.357357621802319e-4,149517279983.23804,5.880236927173306e-181,FALSE,FALSE
diagnostic_1952_start,interacted_controls_full_panel,driscoll_kraay_lag1,es_1972,1972,0.0019506835101082223,4.91969098601477e-15,0.0019506835100985798,0.0019506835101178648,396505291826.95416,3.706087113353345e-188,FALSE,FALSE
diagnostic_1952_start,interacted_controls_full_panel,driscoll_kraay_lag1,es_1976,1976,-0.0037726793449899087,4.92279415226029e-15,-0.0037726793449995573,-0.00377267934498026,-766369510546.7068,5.054738647097011e-193,FALSE,FALSE
diagnostic_1952_start,interacted_controls_full_panel,driscoll_kraay_lag1,es_1980,1980,-0.0013191447652871342,4.923827800619685e-15,-0.0013191447652967847,-0.0013191447652774837,-267910418215.908,2.906197853019858e-185,FALSE,FALSE
diagnostic_1952_start,interacted_controls_full_panel,driscoll_kraay_lag1,es_1984,1984,-2.935787515005332e-4,4.934339126073566e-15,-2.9357875151020434e-4,-2.9357875149086207e-4,-59497076305.3622,3.73871872132322e-174,FALSE,FALSE
diagnostic_1952_start,interacted_controls_full_panel,driscoll_kraay_lag1,es_1992,1992,-0.004074338434313284,5.0437164383831875e-15,-0.00407433843432317,-0.004074338434303399,-807804816961.3899,2.065089895334004e-193,FALSE,FALSE
diagnostic_1952_start,interacted_controls_full_panel,driscoll_kraay_lag1,es_1996,1996,-0.006644795420749965,4.928164781867734e-15,-0.0066447954207596235,-0.006644795420740306,-1348330608829.9348,3.408864389513233e-197,FALSE,FALSE
diagnostic_1952_start,interacted_controls_full_panel,driscoll_kraay_lag1,es_2000,2000,-0.00684218962419473,4.943102995156694e-15,-0.0068421896242044184,-0.006842189624185042,-1384189168402.6777,2.1818547082286292e-197,FALSE,FALSE
diagnostic_1952_start,interacted_controls_full_panel,driscoll_kraay_lag1,es_2004,2004,-0.005984782547567326,4.9356714555047895e-15,-0.0059847825475769995,-0.005984782547557652,-1212556913789.8057,2.071152937033902e-196,FALSE,FALSE
diagnostic_1952_start,interacted_controls_full_panel,driscoll_kraay_lag1,es_2008,2008,-0.0016968722470185093,4.943151071620249e-15,-0.0016968722470281977,-0.0016968722470088208,-343277440327.6156,4.2971344557217875e-187,FALSE,FALSE
diagnostic_1952_start,interacted_controls_full_panel,driscoll_kraay_lag1,es_2012,2012,-0.001751544068062512,4.9497426467957915e-15,-0.0017515440680722133,-0.0017515440680528108,-353865684147.5125,2.56386278674784e-187,FALSE,FALSE
diagnostic_1952_start,interacted_controls_full_panel,driscoll_kraay_lag1,es_2016,2016,-0.0012223662962518092,5.0110179557130446e-15,-0.0012223662962616306,-0.0012223662962419879,-243935724648.1613,1.4304295832283512e-184,FALSE,FALSE
diagnostic_1952_start,interacted_controls_full_panel,driscoll_kraay_lag1,es_2020,2020,-0.0017706696963304595,5.030638185231061e-15,-0.0017706696963403195,-0.0017706696963205996,-351977151035.9836,2.808034232220022e-187,FALSE,FALSE
