czone,exposure_1990_2000,exposure_2000_2007,instrument_1990_2000,instrument_2000_2007
100,5.293786338666029,6.619860996926994,2.2788275965014972,8.968400138934589
200,3.030479166438892,10.26074591037884,2.7977347122308376,4.481700814783771
301,2.062596351676532,6.197857644865427,0.7209086374351001,4.071751744428919
302,1.0783084976265715,3.1115462273755705,1.4521378654168031,2.90649870012464
401,1.0160847787977956,2.98923875997982,1.3338325999976401,2.5337993950305053
402,3.2766714138018473,9.941081029296056,1.8541934580821757,3.967141793376032
500,2.0505001447139284,4.671787603892876,1.1078138252530074,3.9520253431684047
601,2.5728526981305695,6.879608543270431,3.7003944704500213,5.081775879995593
602,4.3025831157713785,9.85759218165096,4.177617762298919,9.80616929958555
700,0.945886281670405,3.617880949227492,1.360124655780301,2.935708249633251
800,1.4663884926240196,4.06753070604061,1.0840841405879837,4.436128946162162
900,0.8368018083203264,2.403750360758171,1.001529610246608,2.584932926250152
1001,2.0113604679810098,2.0585854158386905,1.72491676503995,2.370470839388292
1002,3.3316498079541508,9.105495934095268,2.405641914977718,5.633723317461936
1100,3.9485922585409576,9.7608143565339,2.12514154246637,6.105013122620718
1201,1.0997022260912237,2.4004284061586287,1.8819541511725408,3.116998476881024
1202,6.567269437131679,2.17100049371585,8.529717187156665,6.2976256975889155
1203,1.827455613781777,2.6871083023986997,1.365288379308119,2.42423199692954
1204,2.852943039793168,16.19071396494592,2.9311121604189814,5.207427981646323
1301,2.828323548393674,5.428065023293495,3.510926151731562,7.96713057044826
1302,1.0597934972377379,2.886864433988199,1.540054665531757,3.3057622854260926
1400,4.161126346681844,5.780438433763534,2.6460064773643714,6.500641584937208
1500,0.4896807873839748,1.6121631623029284,1.416013287067096,2.669454691051059
1600,3.633439798440708,4.6594630079547175,2.6802444782438823,6.999284940756934
1701,2.940955381004511,13.337788245574377,1.8761606490451497,4.299054765769471
1702,1.0731109005963033,3.929408320331496,1.6406628518540027,3.248924070071819
1800,1.4814412290577097,3.4852147357488357,2.747742246805842,3.7437043115372455
1900,0.810921694636326,2.2155441339922075,1.1887438905714507,2.425518653176195
2000,0.40606407490305096,0.5581490441061079,0.9981987120814698,1.0572610474886903
2100,1.9298402330599036,1.304066353357904,2.5745366168358736,4.396284113292265
2200,2.7859099123725173,3.3482246721844233,2.6236989088240583,5.3947997794555596
2300,1.3091233608745314,7.5960853300811015,1.3333915707263395,5.304284583529539
2400,0.5699027191641528,1.2072555886181588,0.5135997363154257,1.233255468264429
2500,0.321489719766754,4.516442396719107,0.47288357106508666,1.9399932903390085
2600,0.5616556096246761,2.6075896515091914,2.2364726625778046,2.8918686851430184
2700,0.40133641878683807,1.053148401391876,0.906480269884556,2.2913009587801625
2800,2.1989096058786983,6.48548319009274,2.321563036915519,5.724794447216901
2900,1.0940574267595116,3.4421041811931934,1.392226620726815,2.7430637453673157
3001,5.352758187173268,2.3533742037538934,3.2795406353894525,4.496451997790406
3002,0.4070438898915256,9.426585587942052,0.6577249820617384,2.816860776343134
3003,0.6436496370232484,1.649329077159304,0.9276843839938812,1.5039836085078713
3101,0.7581934038233467,2.8915782101315153,1.447221836594805,2.1841922497745268
3102,0.6032021025328602,2.4033194332548242,1.572979764508299,2.4110506842908106
3201,0.6176343243118746,4.427259753438477,1.9707000250761157,2.2094562321416844
3202,0.437547346053222,1.5721836264516145,0.2381271828499308,1.3454475935328756
3203,2.1940192840075112,1.9260684955231357,0.6804483136733097,2.349027460102009
3300,0.1852996748366835,0.7011535687951159,0.3574884258509046,0.9825619309996542
3400,0.11004906112271476,0.527778827933301,0.2195319520135603,0.8173477874286306
3500,0.37454597513667653,1.2091504240881943,0.47890222333593424,1.868572835855932
3600,0.196579002603412,0.849445205872377,0.2818855061148888,0.6865739462690459
3700,0.3567099006044895,1.2193715576527835,0.3940331697818828,2.2718980288723247
3800,0.209437180320761,1.3054023794785712,0.531666970067387,1.4458414093958234
3901,0.2946860221046145,1.4112690589710806,0.6462581067862918,1.0341352642787427
3902,2.112136071563015,0.44662875710425204,-0.467242923153732,2.4769193984911198
4001,1.748980041234797,4.993125390315001,1.1085499068428952,4.037347394652031
4002,1.145965511414924,1.6346341478265458,0.8184217943274078,3.1932398370987896
4003,0.7944383394721891,1.8161698864273392,0.5663715142752798,1.2742346317526554
4004,1.4412034829986058,4.414096993981178,1.0865427538254913,3.415101128527428
4101,1.061793850794004,5.575372668794714,1.4389377298967392,4.026184621839936
4102,0.8690097496972744,2.5890802078254107,0.8663829923402488,2.1658747605404014
4103,1.4523597341929277,2.702508149595896,1.358118607563615,2.4083207473447543
4200,1.3528643027008433,1.8176156379650623,1.1245887788407583,1.9063855514116042
4301,6.220408683845022,5.191898961467416,1.1253778253024531,6.893091956570401
4302,1.7980569092698238,3.022702384236433,1.3457911913497986,4.295357959127636
4401,0.2754896038511292,1.3716904828784493,0.8989544276248296,0.7526778179932491
4402,2.075809703557899,5.311718247148503,1.30731436457365,4.674707931339113
4501,0.3878954617972852,2.8068333446045863,1.5482771686475556,1.159114370398271
4502,0.009476637107531537,0.540702163183937,0.010273866504348916,0.03289321135927789
4601,1.4891068918534798,5.4238448907342125,3.216382441524388,6.90773000161273
4602,1.4714930891969003,4.499494299906622,2.0143248082245435,4.732646423035659
4701,1.3886165460426585,4.104784860392751,1.3909212043767691,5.133142525924528
4702,1.789186431790322,6.053856431604053,3.292334915710924,3.8662783054961585
4800,0.8530554060059121,1.5585933828649194,0.4441490032076937,2.3967608032843177
4901,2.154541257970682,5.946736002204187,1.917003087474048,4.237711068231891
4902,1.9836702089167049,2.9203319676822,1.8210065449966035,3.886733565502897
4903,5.471788423277191,8.310229837885815,3.6000926023430035,7.877871653118193
5000,4.8380941491924405,10.844969614268832,2.9592547853376328,7.051566182598168
5100,7.027881460214511,7.833528952716656,3.7162974530041866,11.012201768558816
5201,4.225587227690285,12.50263778677915,2.675847785185665,7.204316454640376
5202,1.2634230590723088,2.516676508663517,0.8676044672380927,2.1143547985304907
5300,4.291702900962517,7.308175449344974,3.9591638662439674,6.307976478574946
5401,0.7488984872892601,3.7014583735967173,1.9114828462776319,3.0471947387839187
5402,1.1007482173071912,5.056446552926285,2.6222388462424506,4.081568687302098
5500,2.560137666530539,4.892379908423712,2.545281906888243,10.352392990412831
5600,1.4989956905365545,3.7118578792103767,1.0614705760250802,2.536627990094802
5700,2.508818339156341,5.085766753518491,1.9093882975681589,3.8809672793703247
5800,3.8389406774232673,6.261371273893612,2.8473782375592145,6.635523824390245
5900,2.6679760328820024,4.4633574607321895,1.8240947551698303,5.985719170413136
6000,2.479047409165603,10.356919368438067,1.8988154129359003,8.27073118473846
6100,2.0066944474205686,5.797719784522794,2.937891379377219,6.86539553831093
6200,1.348250562517198,4.4402844057203446,3.3622751108383717,3.5023008718552875
6301,4.638885692796286,7.935022692248412,4.665089237696204,9.88456470974163
6302,2.6827111768634944,7.0836143154780125,4.253303212893194,6.791749353878762
6401,1.113729078849968,2.7436477209288213,0.6069612106909051,2.423103995447052
6402,2.235502781575972,10.808572940792983,4.553251369067842,7.739591689359752
6501,0.59737863295442,2.3218738644794104,2.5247696038528664,2.646215646910832
6502,4.575358966876332,11.387434764989383,4.283624499328385,7.719165821739938
6600,1.6047052860342528,3.2910980957399874,0.6014703060040599,4.621235628343849
6700,0.6216088334054757,1.49367378674789,0.5166796970937989,1.9225204252134556
6800,0.3832760727460954,0.7659544227989252,0.6860582251093442,1.5332225784612896
6900,0.6238202936476887,1.0557445605670635,0.41210486296087007,1.2542665078811008
7000,0.8871078505412133,1.9397070703935622,0.9169491259034156,1.8513380072490042
7100,0.4750144719851818,1.2193980410876637,0.6149181621046526,0.9371044320111149
7200,0.16860901907544035,0.31617276277826417,0.1335784052049315,0.2773997414141099
7300,1.0671249350716827,1.8222649484300912,0.8068179916037861,6.451344313283935
7400,0.4622657914566223,0.5892027249030818,0.5887158846001364,1.3084984560682862
7500,0.5387093805119338,0.8077393471472278,0.44037489175749295,1.0314077028065887
7600,0.3528473871798507,1.0870593706803182,0.2698746391615822,0.7182154434526764
7700,0.20147720960457446,0.5663357730764217,0.820408465847982,1.62929944243752
7800,0.5348603604300687,0.964293371773576,0.5292007186553629,1.2357765657493505
7900,0.4443837267748327,1.0603731966295729,0.44576813633027096,1.431585437960702
8000,1.1954851775118533,3.458037931420596,2.468266908617018,4.264555533753462
8100,0.6130406661313219,3.3443350590969856,1.2724131706483746,2.8731021662741068
8201,1.282693974004993,5.125764907951529,2.5602881076894195,5.574351928434379
8202,0.3622359563780009,0.9175778404510865,0.47162356833831304,2.002246561087015
8300,1.355038655168701,3.32032645972894,1.2439026116451966,3.7186707055144277
8401,0.7446438542825934,3.1307873649312463,1.6866229096147454,4.28641526752358
8402,0.6619051953238165,6.922970476923953,5.248035154061325,4.67236431730553
8501,2.167650276040148,4.989129523981808,2.4237998475883495,4.565084898446108
8502,0.5502766415022443,3.3503167740862647,1.8313050899455636,3.8849947634807696
8503,0.5413026559108877,1.7669983686417774,1.0836131881843547,2.6426184236888597
8601,1.7624742751775022,1.8009049079064101,3.1632139927402627,3.1570991299236364
8602,0.6947699094434401,0.8732260748779197,1.054119998908037,0.908134724605859
8701,0.27829737430143175,1.6774535145865295,2.194155961527735,2.5945980527253965
8702,1.489203867429312,3.762563658362532,2.576078951414354,5.70989772438796
8800,0.18733415292726524,0.9456038823556362,0.42123214389287406,0.6420861053701239
8900,1.1320404126905437,1.7717336161239774,1.4426930750376943,1.7591819164330453
9001,1.1588583741267457,4.130632701453538,2.0851077175874955,5.939128284086469
9002,0.7619613457642652,2.527725573943859,0.7168335454764119,3.416336637111516
9003,0.8552261953449797,3.028225211833226,3.759108286257862,3.8466379689094334
9100,0.6099038178421702,1.3063465277538158,0.5166188951508626,1.4895454542342925
9200,0.8121372184425072,6.974768585490496,2.3354805917063404,4.746062367545904
9301,1.6455881571783886,2.1195940549863423,2.7941403710120105,3.634354497318118
9302,1.8610389772055491,6.314794011960398,6.008006313587846,6.23508511999203
9400,0.8158242295004889,2.809140183735427,2.5958557696145195,3.0496038332909143
9500,0.7165918969047426,3.8944971764832865,1.9972465937899286,3.0387753291984487
9600,1.773985776718967,4.882133922182927,2.467308098181424,5.16248282664362
9701,0.7247367341176794,6.211391281106183,0.6985075910852009,1.6344146217748117
9702,3.407344844521805,3.5320168627462425,2.4694347300122073,4.889625497398313
9800,2.6859045691973904,3.919008923630299,3.347162059922747,4.862915717587184
9900,0.33212998321388537,1.5070437509019896,0.5104670603899084,1.0324075017331604
10000,0.1426955888478945,0.5850542716982383,0.3617159502817892,0.7911371582040314
10101,1.6647025729659384,2.2786914480589564,0.9650813675018021,3.4155273210726356
10102,0.9508322871380415,3.239567169367815,1.2218938934588637,2.3889257662658587
10200,0.7158234961311698,2.6423649256055017,1.115412272920249,2.4916035440060673
10301,2.4279290457929057,4.593218851663973,2.974743940839062,4.864976837465792
10302,0.7440491783295083,4.869766397814114,3.0122623747375683,3.1723102557989082
10400,10.030822726265361,13.490338326408867,2.746638124147967,12.362784467850318
10501,1.6064569161334812,3.702512144700003,2.573294081213593,3.531983539861367
10502,4.571128428278995,13.678338772230063,3.6819552011832632,8.727074712650566
10600,2.1488659999992303,4.738286723650609,3.2848131490204757,4.604706531620316
10700,0.3780664793805401,1.121801051158997,0.427913259260434,1.3680254301105905
10801,1.1945385265174973,3.881537568134113,1.5557612563159484,2.7583878833340947
10802,0.8542908047750014,2.7021670693065403,2.014473079335874,3.2552081107048436
10900,0.24769188850962656,0.4822371044985577,0.4792807978766528,0.7202913292974422
11001,0.7730930724739278,1.9693430052975816,0.5644858148254729,1.9075144919485356
11002,0.7676176911836821,4.779550664697427,1.5278696614799654,2.808655612790612
11101,0.5581826160006307,1.4911585824209592,0.5859612107382295,2.175635651542441
11102,0.839692604782394,2.5254793256941968,3.1944429608382703,3.8211878984187795
11201,0.321510959907051,2.2029571027114034,0.6339795145592259,1.6651216774731075
11202,0.008528002663241965,0.16101593795486988,0.014347664426945054,0.048320020513819326
11203,0.4525189238486641,0.8411309250833808,0.5599881378140973,2.463673770179532
11301,0.23389767267484193,0.4822929848483325,0.1956918431340117,0.6200606221540487
11302,0.6467276300173105,1.248290634059485,1.0300095545776253,1.597204823190512
11303,0.23258400161462905,0.9539245877806074,0.9565197776113843,0.7365670457988115
11304,0.20909497348394787,0.855131801014873,0.1706416704619061,0.6028000230109942
11401,0.2375377887551967,1.3838524696722487,0.18227800502504327,0.7068667130728823
11402,1.1922881871237776,2.777839046348833,0.5422774857187088,2.404984614438734
11403,0.25102410423809907,0.7770020936979044,0.30372738722105747,0.4749284377272797
11500,1.2788599302226484,4.180389703211184,0.687063248936902,3.233772089409006
11600,0.7466414454297956,1.8244309885030954,0.4405355344119124,1.7747947404709639
11700,0.19994089011465968,0.896669214091099,0.17649143711814627,0.7553971775576152
11800,0.6362288520585648,1.1283765622180553,0.2767984963706965,2.0695197269377377
11900,0.6834876291513804,1.8466643679399228,0.5278737735840539,2.4596542382945152
12001,1.6307993891732022,4.278949101403892,1.1017937697125844,3.003242522464161
12002,1.4814059565642088,4.289331282824135,1.5735861912731903,4.560552402841631
12100,0.7809091157472754,2.0725994150225167,0.5755409965715229,1.8608190583864572
12200,1.1966036371501765,3.0756789181964694,0.9019459944632298,2.8770433438975482
12301,0.8144799385764795,2.3106409603743114,0.5305246819076674,1.7275478200357521
12302,0.6706147425201338,2.0286016322954077,0.5077973194802452,1.9816294505087688
12401,0.694758520443459,1.2241189824228271,0.7299044707437474,2.0058447062782316
12402,1.0787592269291628,3.554976056090895,0.5392702124406042,2.486265476833841
12501,0.9415889013271338,3.7129641627875825,0.7463984970907276,3.3621843991230693
12502,3.3509883801728195,2.4055065955765342,1.0569949469084525,4.475816069467123
12600,1.443620404704412,3.575799054265573,1.8282101827946344,4.9656454591817605
12701,1.216249483098129,2.1513492789519195,0.7287885328777429,2.7665732490179957
12702,11.18897113434798,4.634663108790603,4.2267148785699895,9.200543980512863
12800,4.47648041173749,2.900224138912222,0.9657380533841022,3.6507454305783025
12901,2.319999286841598,4.946608874608532,1.2932228985531553,3.349091700095008
12902,1.3998552754818445,4.121212642784085,4.447386694250118,8.295660322323414
12903,1.3190887530348838,11.824390329785096,2.1713400595255115,2.9695117852723234
13000,0.7509568394586925,3.023431531850674,1.139072539709186,2.515801502494521
13101,0.945318753455078,2.272757133980465,0.6668435202828431,2.44896008151652
13102,6.025471031710788,3.2476358619738175,1.4716696615667502,6.158534122527349
13103,0.9561083832708621,3.434475925767109,0.7973358313186749,2.8123953721003048
13200,1.108023121472562,2.6635945677904465,1.1437890264986588,3.380552116170532
13300,1.2858570268519893,4.647460458077331,1.0927027004298,5.530806035132255
13400,2.6655341786629685,2.486982265525995,1.3188283446050864,4.796395507855777
13501,0.995635707520503,2.7438449251347397,0.5769237991232471,2.6446886557161675
13502,3.9711045168386585,7.4294064573985406,1.702438093137629,6.2546312423473545
13600,1.3914478342173981,3.421636238317843,1.1629221044160452,4.8650245211532175
13700,3.3593681300819136,4.031093065394589,1.7880591662692904,4.385705712115118
13800,1.8944096744065688,4.237802856758408,1.912882297045066,3.852986074680294
13900,1.7332237444560672,4.921058143739547,8.616317075130056,6.696765577981823
14000,1.1200391637636578,1.982293145850556,1.289249287998892,3.0823965165366944
14100,2.1379230891053256,5.652638667295424,0.9838266202704306,4.462054555994765
14200,0.9363373829385087,2.298037742495845,0.6206399773255596,1.5947639105070375
14300,1.7703244573062764,7.194158578366538,0.7708851066656096,3.9237039308160506
14400,1.947009970902167,4.236799985985884,0.7156804826448231,3.9321014627846855
14500,1.1148580497340719,3.1138362196024008,0.8030906703315047,2.989367389641165
14600,4.993670283091223,3.01919300965467,4.041572188211254,7.9185350485854915
14700,1.3373188687374797,3.7095774602597134,0.8774861250071802,3.0909552206634636
14801,21.03054102922001,2.9908252895623786,3.140219903694938,24.61986868811723
14802,0.9630952705792752,0.8249393585975083,1.011417843080393,1.7607776475208834
14900,0.9942020443401223,3.8757225579608514,0.4618193960103265,5.157784210719544
15000,1.5501653995687656,4.304801394246335,1.0304278110496052,4.037536996972868
15100,1.4765645522092974,2.7503192504950977,0.8710817470655754,4.135584673020519
15200,1.1440035062008755,2.5407768247598663,0.6154474246448216,2.409037789623177
15300,1.3826623693421827,4.251415764893593,1.0326527635088447,7.154593653344184
15400,3.839983397596269,3.0888120973238564,1.8798940977181644,4.154648377622421
15500,1.3155093390488146,5.568146400226166,0.5737070942971122,8.790643148633164
15600,0.7946957790620428,1.626361189804599,0.9800831881577201,2.5961750862682598
15700,0.37891597385662534,1.5250526679959835,0.9143235656380561,2.5278746443360705
15800,0.9480744588979848,2.112932511816967,0.5991276457454556,1.541705829004853
15900,0.8446983911647932,1.903145631114931,0.5683561453171825,1.6793632530067653
16000,1.2751561974205572,5.302617434153676,1.040777054197763,4.264955645267707
16100,0.9069728295246349,3.7940749587181903,1.868722146356387,2.9983544037547247
16200,1.4487852592726582,3.507677924381965,1.1564868273737257,2.60403235522165
16300,0.5562626393614146,2.9505977457094854,0.4150901322267636,1.8118119809639124
16400,0.9645125358531915,3.568943818244962,0.7096170872967038,3.5540628905226384
16500,1.3412136500576188,3.92030600259997,0.9538850675208336,2.8769756682416037
16600,1.1085326894394136,3.5980478773786984,0.768079289740054,2.68273302530017
16701,2.177368484174222,0.670669484775388,1.8839331905227632,3.176673374072977
16702,0.5720585745795029,0.7906339680767515,0.6107223665088081,1.3603313352739224
16703,0.7403446091379825,1.5281191323419259,0.6177975639144349,2.0281751522395552
16801,0.30629863734850105,1.4070441920105483,0.2980871418139862,3.2203207435988803
16802,0.16954200500522,1.6248570968768459,1.3970791403620175,0.26219281230130576
16901,0.26043919503272916,0.8074887608010175,0.29547769109612676,1.3130927975622673
16902,0.23103974677889186,5.707777679395869,0.44014356227427875,-0.7233335528906133
17000,0.023016100661747727,0.16612047504295396,0.011041648330068673,0.05815569946595442
17100,0.4496222869852147,2.0077022784470846,0.6351387428655624,2.999117805596305
17200,1.5439986407393609,2.95085425417223,2.0110072353461583,2.8566750264921104
17300,3.5197608439597317,2.8824928822498617,1.6024613982698386,4.145195097077453
17400,1.4268845527942373,1.9326229964263855,1.8675911062242068,3.6498843076016234
17501,0.7390648974049756,4.119861007613232,1.2455354481052996,2.549572786536426
17502,1.2049233482570345,3.2639785953905283,1.1009783358048892,1.8868787455963445
17600,1.0813661310627622,2.157804430387291,0.9929013731269976,3.220162419828282
17700,1.2528775152626028,3.421756327773117,1.0795265207795954,2.6039101763363806
17800,1.9778127221937611,3.0516223976079817,1.423710684631734,3.9895720241261023
17900,6.272013311889509,7.2902600301119245,5.265690623633779,6.2416213340883235
18000,2.2411472953501916,1.8270819266562834,2.0150149054281705,2.356779884927247
18100,1.2873323165979729,3.953386635749366,0.9583871663981807,3.4396599902371072
18201,2.4700700949667542,4.953613107830801,1.3991068319190232,5.0537477861097155
18202,1.8682253494256704,8.642054323742911,1.6698532264800963,6.8753152829538555
18300,0.657632956386212,1.6122423595747852,1.004600732391988,2.2087450773760584
18400,0.9971001502353349,2.5184152686833223,0.5718377241308619,1.2753004585395533
18500,4.284336526368498,4.855733005718374,1.763013688551652,4.995876885010999
18600,0.4664644289467851,1.3110639235661958,0.7138727315709031,1.2627274470573575
18700,2.796548972426041,3.3990590692191147,2.407739611731367,3.371710833275241
18800,1.6831732542896507,2.229581052507536,1.5507225025328755,3.141123314045371
18900,2.494960896202928,4.207330330625346,1.7068824047839652,3.9457859002792772
19000,1.1019759092376442,3.45179714871122,2.3634369441143774,3.7093810277259913
19100,2.029693618715664,4.086097917696057,1.8689395189397284,4.668259114619308
19200,1.8040725841849405,2.8559186319044594,1.2743286134724767,3.118324905244352
19300,1.9407970340684317,3.1784073676323934,2.3189358819458463,11.484523192485453
19400,0.7794886493465405,1.5993539908786756,1.108815436678225,1.4391241034519686
19500,0.6231093585582236,0.8566071709775456,1.1865452208719012,2.11705704807888
19600,1.3163126781819905,1.9515051227922229,1.333740660983869,2.620278357540075
19700,0.7780435824479169,1.61153643296827,0.8515433786797656,1.9090272518387306
19800,0.5395954751676326,1.0279899684891896,0.4000398099093477,1.3095584448945048
19901,0.4263273717803364,1.7563540265318727,1.7575418303374242,0.8693153840515525
19902,0.3942021735163653,3.2844737126591133,1.2322271433216625,0.9557287179300847
19903,0.4320580347577163,0.986647581282004,2.4093638192660034,0.3990488882749028
20001,2.788786651701823,2.19196393247296,2.814720089044003,2.1383452367603524
20002,0.529991636506699,1.9431187452011047,2.0752867124220287,0.661484679163275
20003,1.270960342735424,2.246131317194186,1.8420836788741863,2.695879591907048
20100,2.6689237532219328,2.4227461643079526,1.7644884325430343,3.136700510825061
20200,1.4267552552862472,3.045422140625251,1.3984751143283136,5.293261486029193
20301,1.80246424647713,5.29843688907379,2.270383319063948,3.054195964004044
20302,2.415666234584409,3.630242873942524,1.4984770811934764,3.4454023509788407
20401,2.591957220115979,4.9909296369915985,2.452084078384201,4.993054658378279
20402,0.004894103912170699,0.08970238403337914,0.015101174533987837,0.024658528543365525
20403,0.03612201314297181,0.07777416097837886,0.35017954714164173,0.07742080132896742
20500,1.5547979521928157,2.7897906691368126,1.3962943357553959,3.4984264439495267
20600,1.866169286357595,5.284608134206839,2.213720849980778,4.527967295731584
20700,1.615703982727723,2.3251499906783066,1.240663329120983,2.797159705174026
20800,3.402633770810215,6.35623016494908,2.0518460278478146,5.8533474576983995
20901,1.2713091160922831,2.3891337404756285,1.2036632498559878,2.629319017687012
20902,0.7009627455619909,1.8045993758247343,1.1283537274777942,1.9868674775652044
21001,1.2312906100961147,4.908369489007701,1.1803099041571208,2.6940565303564465
21002,0.20229044637869403,0.9519182667750468,0.46141689489628684,0.8792446450554031
21003,0.26242878833372174,5.6851347922175375,0.5851617659473302,0.7326117011878353
21004,0.41547355227523985,0.7324944424004798,0.2817823129528247,0.60766569594042
21101,0.7622735675361506,3.054334395764248,0.7972794932965755,1.80036842501728
21102,0.8500036511515595,6.712107256931413,0.9034368903473834,4.116673479590222
21201,8.387462913970912,16.66255147750733,1.9351337650466938,14.10264049205821
21202,0.8865190005351151,3.9541284566614165,1.2932982566369193,4.115824203198031
21301,0.988732503499436,3.365037420155456,1.1061126511886727,2.631545545102405
21302,1.749288081723653,7.525899620839921,0.8987039577669343,7.176281148325765
21400,0.7904409334186211,2.102913322631415,1.859121464351195,2.2021293530818906
21501,1.0398490856121445,1.840758381665061,0.9576314069106417,2.5533608609328633
21502,0.7100087442150405,1.8133955748321489,0.3367453696087747,0.6945952316647406
21600,0.6329270095526285,2.026867970792188,0.4712059513682634,1.3766207564721566
21701,7.6600705495355115,7.375169336737671,2.082152984652707,4.512769316765315
21702,0.8039671043858753,1.692202997226145,0.6116708798785768,1.2686821053830653
21801,2.314927084414053,2.2600978760992927,0.2598071537941575,3.9656644642897594
21802,0.3211171150812141,1.238753044579864,0.2678791718857888,1.2440152199075578
21900,0.8497124777168579,3.608974666784646,1.2816572574445868,4.506366984609858
22001,0.5810245535202406,2.2619369850421633,0.25136510872750734,1.5504192397423633
22002,2.878645163227947,3.0231846310173136,0.7108850073706682,5.808472205423867
22100,0.7668140357760203,2.2206319858880925,0.6843378902262347,1.6968667789463865
22200,0.774618337349469,4.306804378379771,1.071919032103414,8.560997405501656
22300,0.49155097382148466,2.384831033316713,0.40053619020818004,2.4241110232666547
22400,1.4744148991099315,4.0841004530074905,0.8160614497294334,3.310821754330825
22500,1.100564978627383,2.8700456384153195,0.7666401610710781,2.4456685427713585
22601,0.4285909533074106,7.40112049666421,0.33499127749970153,4.004865346023432
22602,0.6053790223284474,2.815885959908664,1.740956602099011,1.3863533105203427
22700,0.9554757368427936,2.4472778897417973,0.6352241269071558,1.8485207057970194
22800,2.1208396062275887,7.702529799751041,0.529351487975009,6.525233148257895
22900,2.700387162737558,2.40272466040653,1.4131805690417012,3.6671640542254154
23000,2.7391464698937007,8.944652340572524,1.147351433848871,4.0985493607403205
23100,0.6993088915795522,1.5388585534439667,0.3716069487168225,1.2486610614185611
23200,4.490335092956056,2.534758661835923,0.9122854150021332,6.480945686982541
23301,1.549662542059694,3.4929073676947353,2.4248013640841277,2.797765205876157
23302,1.0030394586097369,3.622716119589963,0.7616582868347639,3.0541627064350205
23400,1.4851685381030992,1.02133945636658,1.2624839314760155,3.4811545727651048
23500,0.7024138117529041,2.5954477014365707,0.13960904970133728,2.447031395969232
23600,1.2303950699743755,5.134580017151588,0.9515895284815754,4.405068412147755
23700,1.1608487397620173,2.335773844972853,0.5577949270060628,3.4930789917694884
23801,1.2015784001993,1.2110338570792782,0.6118498623758056,1.6050175802065705
23802,0.6046347527555578,2.496835249938759,0.5811027084484345,2.738547170762245
23900,0.5300328434839094,1.764804435225906,0.35879143676946706,2.013375874781421
24000,1.461565523042517,2.939606864812991,0.9127519666874488,2.8784595165747313
24100,1.1709411844484108,2.9297209221009957,0.8199564912280765,2.525184046952217
24200,1.002858569875763,1.24654424214713,1.22599512443882,1.8515191155250426
24300,1.1836959916974645,2.9310268532652604,0.996218806153729,2.757341577130857
24400,1.9540767216703538,5.096434701601296,1.1865690515554903,5.495363747086953
24500,4.17076523755962,1.628470666199259,2.5178333094327283,4.277115561751057
24600,5.6276463254319316,3.7798659895440783,2.0009233212591857,4.770791958215925
24701,0.8003791144875786,1.5282539356832625,0.6860722359604535,1.6783937199677381
24702,7.13445105993655,3.381309620915951,1.8533244978720138,8.612309269655212
24801,1.2328479408088573,1.3370275398801823,0.6492484849113624,2.7227709654967445
24802,0.19099799790830244,0.7164002420268188,0.1423922783215272,0.4231401497318136
24900,0.4826235575598561,2.625106191179957,0.675969630995894,2.6322464644429546
25000,0.6826024362115982,5.707820697996842,0.4644445533578631,4.061432611854556
25101,1.417209183957383,7.670271590475732,2.740107918450955,3.540680716356458
25102,9.311746701314693,5.069282769410068,3.3378618803417086,5.942660326461708
25103,0.7138488588603862,1.6742556215424897,1.9377417610029348,1.5982709368752728
25104,3.1860508558386393,7.428795630057883,2.659045790434395,6.540038902323135
25105,0.5740680660550979,1.9914035041459297,1.2576788343754035,2.602389353991208
25200,0.7193058614802371,1.7633996631290725,1.19455977677328,2.6212301021943754
25300,4.407405227424787,8.765476272607366,2.77056358148339,6.325794037665755
25401,1.7410781811241067,2.827102442642107,1.1046603309854517,6.037990991798452
25402,25.405270328357442,43.08460428680852,7.0041156337519634,28.65516011053555
25500,0.7541014507893385,3.904607040433348,0.7843541806735533,1.8592363527276796
25601,0.8500129579235175,0.9082766674392826,0.6370192972824965,1.7774924184914809
25602,0.3157934783886082,1.0556750054909767,0.0886344599871336,0.5823745729739471
25701,3.372528448487279,2.99449917804111,1.8069746328213763,3.551701954443742
25702,1.0708706057930406,3.5476110491232915,1.2197521595708671,2.025886517208469
25800,3.3559516802197544,6.5824473950942775,1.6004021973093385,4.860756124589578
25900,5.675817437144824,5.750013614686591,2.2455075665797826,5.840286120502835
26001,0.6448941662325799,2.2889930891916777,0.5850949725958622,1.9862650828346171
26002,0.40769678966668277,0.9227646177948566,0.30902331416389944,0.7451133486238402
26003,0.05042000862886198,0.07163115576921493,0.039753776285928036,0.06524539685675076
26004,1.7084979034282335,1.5332570373748566,1.9194809558888437,2.034275750541781
26101,1.4676648632945917,2.41306802655637,2.562369613988393,2.2643192143806448
26102,1.541010709616051,3.2473312457146823,1.1219080319507462,3.0242141233061215
26103,0.8530242365876953,6.06594077788336,1.3308919180068162,2.1247636914512213
26104,0.23283442445385086,1.3996171106919064,0.2012849319211322,0.6506669922178635
26105,0.02773993778002174,1.1863886800903094,0.6004291547796785,-0.4669245275973972
26106,0.8324408400174043,3.285526360480477,0.34153230314151034,2.281931245557927
26107,3.35385819069837,4.138944896416856,0.47727548755201055,1.6361599307244188
26201,0.059530187934089505,0.4372170486200032,0.040436535913961964,0.3682492234880432
26202,0.07176667441481438,0.02837562902852499,1.7447916889068438e-7,0.29253740879231116
26203,0.0638223161764352,0.3275062164083157,0.01274709562494536,0.08732187252212904
26204,1.5794961743469887e-6,0.010812685565935811,0.0017670196444265053,-2.2671583045459038e-4
26301,0.7116308981231612,0.6087019599600296,0.35891373578395913,1.0886963476753055
26302,0.07582641426713128,0.4142789949814788,0.03037432204116107,0.09223465304899037
26303,3.0656628669389567,1.3153301356536369,0.4596456690482379,5.727677844512707
26304,0.0899515070798292,0.2207695354599894,0.021413515265588223,0.1802956038914897
26305,0.02104824057241217,0.08712421890489201,0.10737670806419272,0.058859592679547344
26401,0.01126008954966235,0.043973944100019126,0.0020923763797024244,0.08864046668983455
26402,0.003934228120164739,0.008131521314810796,0.008188331707038464,0.02924940011687178
26403,0.09953920609332398,0.09355820024731137,0.004601493406539703,0.2638097318982448
26404,0.5925828317779789,3.6254955134657103,0.13852084992432598,1.1686697026353192
26405,0.004576219454912846,0.08230023703755966,2.2827606471764739e-7,0.01848705300866576
26406,2.830900125964067,0.26123538912673083,0.04705437773223606,2.7953606094460377
26407,1.4629969137382028e-7,0.5074043163899336,5.52865470935002e-7,1.7723910364761001e-6
26408,0.08210734408220016,0.3308743680915021,0.021002640659920264,0.11339611905587585
26409,0.018136830078437544,0.2043077997895791,0.015058327050717758,0.07224898911430395
26410,0.2588909521153029,7.23068483477992,0.29074837792715397,1.439581341937531
26411,0.16014887708846479,1.6915584738920384,0.048192910590279955,0.30664810664453973
26412,0.04695587486305423,0.1764526074022805,0.014035591051913975,0.06894045774376627
26501,1.1043093198650675,5.236955602983886,0.37777199063750594,1.859706341818629
26502,0.198173988401417,1.877705910526889,0.5606362699955191,1.5088180072094053
26503,0.49236647903246417,4.741055324100846,0.4345384130064388,2.8682442330023683
26504,1.1132470333994842,1.9985565677092967,0.4512257566960266,3.5037025442779983
26601,0.2579992318186599,0.9493348326843838,2.3268989822699697,1.3416101765464208
26602,0.750084295700625,2.1611620268487286,2.8609612313352293,2.680215155656437
26603,5.16323165950578e-7,0.0010791454107155526,0.002106405663653277,-8.409359612723426e-5
26604,3.3716588632159983e-7,0.0049240115336195754,0.006604317266325981,2.3414896941988317e-6
26605,0.27457885339370003,1.3523227857434594,0.5394494608806781,1.155684048277923
26701,0.5062153392751156,1.286320916457677,0.5869780422476525,0.8693386402904733
26702,0.05860752365398032,0.49774059568273443,-0.0067816337460518345,0.2567041155229585
26703,0.28696653501975156,0.8334146152980842,0.11348476471946847,0.8832291420657158
26704,0.16824429021394632,0.848455948372965,0.16999976269180175,0.43184938073045454
26801,0.15140247415607963,1.498114509654077,0.07514565387642354,0.5708175307972033
26802,0.31821564132721547,3.0309839564819896,0.16117465922251187,3.255811959264504
26803,0.3989664576040599,1.1774987452181611,0.09113833774392788,0.6070423589506291
26804,1.673199392530225,0.9915203934064364,0.04601420157649096,2.2365535545603574
26901,0.43611606793112045,1.0146937264166667,0.48324925277236297,1.04193418830004
26902,0.8764181203795518,2.185311694449865,1.4938062862673165,1.2702120576443323
27001,0.012742113868853266,0.2601877828733125,0.035779602631009766,0.0447204691204206
27002,0.08237113470024661,0.28966026437806086,0.0381565461347893,0.1806490503777677
27003,1.2791269731696058,0.4659027935844052,0.4563897935652979,1.3171887795673092
27004,0.2131025248366964,-0.006185973225651001,0.19722955487919888,0.18835485333992455
27005,1.5799029727352436,2.213602296539392,2.153744481517808,2.3609690006753734
27006,1.8598170139952621,0.9594900097602023,0.1930800168466678,3.9771099997326282
27007,0.07269707068083164,1.037890275580854,0.16697939518628066,0.5664075809736075
27008,0.060741250456036115,1.225630340893998,0.10176867089203116,0.5158295231130086
27009,0.04829243039341217,0.04859579147429421,0.016748902254511852,0.11434790875561875
27010,0.011201452379307536,0.10361372918607362,0.017137130082384527,0.016471895367905023
27011,0.021142630344317896,0.22489093089201823,0.002770568405341894,0.08076223496003264
27012,0.051520173973168916,0.05662708964661891,0.013697149688722574,0.14259104644419754
27101,2.4152332989593126,1.2775699888568073,1.019894593281339,2.9342817085448103
27102,0.7293672202460222,1.2070070479324866,1.0819704158998416,0.8181158552555244
27201,1.4068505671718,3.6415968828974576,1.0051712807413713,2.127440675861619
27202,0.32174405440284676,0.9209824338925696,0.5165907181548037,0.6467412119257965
27301,0.7827517974734175,3.021810061311255,0.501361354915654,1.5962976661407984
27302,1.7736540371536553,5.635096604843081,1.684367405008103,4.329222707397365
27401,0.7046303333696328,0.8844250429897167,0.541102345957693,1.5022448649371218
27402,0.7117223337321753,2.25346524310865,0.48200743334957213,2.4488851300887506
27501,0.26964585364640314,1.4096596658114637,0.2425426123198937,0.9607266118498746
27502,1.8684385611352434,3.4678364072329617,0.7113474347857126,3.8466165513902544
27503,0.2560794406569913,2.1763985875976744,0.05645150398101527,0.9189554125847468
27504,0.3133047057196927,1.129146751634299,0.14539441718934792,1.4252838220000998
27601,0.6281253952199705,1.8297472839904554,0.7006740682467663,1.1526634208395847
27602,0.01913878449076299,6.335578659794855e-4,0.047180011234533796,0.08438295190335106
27603,0.20744727574593558,0.4670984961431454,0.4392335666308453,1.7914996686794893
27604,6.708966490502158e-4,0.0047594550943586,0,0.01006367217217173
27605,1.0947031922922987e-7,1.0407188288549411e-4,1.2712482139895402,7.48407517546314e-7
27701,0.2712621312270909,0.6179707587154988,0.3463030638639629,0.7551103750710807
27702,0.28394976697682417,1.843040324458879,0.6121662500623238,0.6079816954075871
27703,0.06574468617999843,0.4020557186769379,-0.02485127647658045,0.08766526379645256
27704,0.1569599062938841,0.01642889302859528,0.15946319629525382,0.39176419732317164
27801,0.3013403669003228,1.3803579295412356,0.5836412012907112,2.1670580403286164
27802,0.803350330712315,1.8568750020265312,0.8275374014081017,2.575769292490899
27901,0.3230923852724309,1.8428273097859866,0.2169623484952707,1.572630836587976
27902,0.10361566906379632,2.2655915508267657,0.06749376112382935,0.3189018285941765
27903,0.28423451192588955,1.3063776986622804,0.3779896470999549,1.0030852725163346
28001,0.3575947417937665,28.82561670211715,0.45826211516748,0.9828655097529091
28002,0.11791312305926263,3.292929275259472,0.06220136966040475,0.5956535867114608
28101,0.45176494204456547,1.7417625168473956,0.6023288847646077,1.6281993085674682
28102,0.5596359618729391,2.831199023181138,1.5482179199439845,2.7147481706091474
28201,0.9847508689355146,2.521974228361716,0.7433914666282949,2.94125587105784
28202,0.5570879386325621,1.1635107363931974,0.48849669098642373,1.5914956679694268
28301,0.06370439402703691,0.31379239878723253,0.2691751771730348,0.32888990403223367
28302,0.28902946435128524,0.9214174851038999,0.9403265422767504,0.9765235747497009
28303,1.3305116893025115,0.07494301262551874,1.6288166774741815,5.177289126919403
28304,0.010050196865386675,3.585453816659197,0.012371032575168152,0.01163993862616865
28305,0.4143838093539879,0.9605916837880305,0.3997677335531888,1.037582262311584
28306,0.18402586817460234,0.24019011008541774,0.0708124643404003,0.22926259684467204
28401,1.9104865960172792,2.9568095830781096,0.6493338729549052,4.244005069970653
28402,0.0030529999406780917,0.02204529303828703,0.013746646595980867,0.021109689244635126
28501,0.009318811164402202,-0.07420139696449723,0.00842011998776747,0.009804345751019485
28502,0.6085452379677826,1.06197769003382,0.2507548407497214,4.629607027657716
28503,0.08278509900588599,0.2052947834299955,0.00895917848209946,0.10242721899871299
28504,0.05201542545030296,0.06426446669852989,0.033055952059284105,0.4059265670070644
28601,0.1915669513901245,0.12151551204185905,0.0021218392301926136,0.28981216807295596
28602,0.4958468203823132,1.6696899381616148,0.015523265011173255,0.40095604659530437
28603,2.7276612870013945,-0.6289579480862326,0.21871690838045607,-0.22199012470015386
28604,0.04685236078488388,0.1530229281326813,0.054808672376635864,0.15315212467412617
28605,0.046897531478739846,0.04863860431279526,-0.02673252614215471,0.061861832254927716
28606,1.1139184784446519e-7,0.2636040382666595,7.044593715793073e-4,8.066340585953315e-7
28607,0.11235152226804404,1.3365630438702933,0.3636376747412997,0.7679449726247307
28608,0.4505472379836167,1.8115068421836409,0.3671316899867507,1.4321474748164473
28609,0.6027204911626269,1.371639096349944,0.4569138181762532,1.612701349398069
28701,1.3591014422021608,0.395137062738838,0.10195874645066598,2.6495962057949134
28702,0.054117365591524094,0.10115651171233,0.030254989025432343,0.07984824527727578
28703,0.2466952054812705,0.04868494489979217,0.02838673467651789,0.3234055173735254
28704,0.4026766936787614,0.8054797554587573,0.08182170935274118,1.077194129597103
28800,1.906820814164173,1.833121377224405,1.3668296182637907,5.933459054385842
28900,1.2275556917162205,1.7503967573599308,0.9755531325685668,2.2274284245123255
29001,0.15516465776067256,0.2436139401174842,0.05043621882338003,0.2825884805543564
29002,0.124280478170091,1.4112448159937685,0.1181828107221842,1.2168654353716388
29003,0.09614834027824296,0.8154253040844749,0.10152487543261182,0.8760156169851997
29004,1.3536915892714378,1.9803526058251466,0.4322420445327294,2.1831871921477943
29005,0.2563929417682094,1.2793132214885972,0.3103861717779388,0.9097813517292103
29006,0.7122203198710824,1.813876395580252,0.25571456751038846,0.19807246425826924
29007,0.019911962763493482,1.7047331141126116,0.004782122335945537,0.03840856409736051
29008,0.004359070573261508,0.051923235660881674,0.0078242977678794675,0.02105121642362714
29101,2.3388364752898383,0.8604021059365355,0.4995103613508453,3.1432056180216454
29102,0.29540238880556224,0.9899190418548593,0.15206089555104224,0.4286488388923842
29103,0.22966398421330167,0.763694878009257,0.15629900307860428,0.5732210708424442
29104,0.7016868583651951,4.16099051183735,0.46610093121787755,1.8989358259319493
29201,1.209871437818367,0.8776767686796917,0.32714767256957583,1.8914857017782085
29202,0.7151769867953008,-0.5533518931310409,0.024988661510671285,0.33285289823755326
29203,0.1403295157156966,0.5845172090421652,0.2712799952892442,0.7494921247907119
29204,0.5094747048965198,2.486365532376872,0.2217488959351262,1.7582328850342184
29301,0.9417517512431681,1.1601737698001928,0.2901457157274445,1.4428018758512173
29302,0.7463619093805581,1.3736888744546962,0.2569939550971483,1.151445279037289
29303,0.9230683655008202,1.1805825623888009,0.4844291557455296,1.5597196862105278
29401,0.9269734964933778,4.12921584850823,0.9749666310308195,2.6494686097746722
29402,0.22504133173474844,14.75189521589625,0.09557834964340373,15.258765857955408
29403,1.1224896830930813,2.3671009540534476,1.0913384075606953,2.8637512873435766
29501,0.4109118265938131,3.3423465987136454,0.5854590591174147,1.4305114374014394
29502,0.5084656713669121,1.1330367283782314,0.7758639996271757,1.132294276033862
29503,1.7983441166819405,2.3265015139347565,0.6081845725736066,2.668245082346252
29504,2.7522899870810007,6.291159762197043,1.8930833455386893,5.557314572071062
29505,1.0623500237215122,3.3350998928843216,0.7630906898808831,2.727153524658039
29506,0.7938778918640328,2.177099389786252,2.4586173854634947,1.0997373329383973
29601,2.119491989521144,1.4939955690386801,0.8580786840881576,2.286542024523587
29602,1.8907085288021679,2.248025377843451,1.4267744986383801,4.171328735270074
29700,4.333282040242553,2.1361293560679657,1.7955422013685056,5.204203888544329
29800,5.417977981245568,5.8750414004362845,2.529882352246868,5.450707235476083
29901,2.265260827752511,5.068306735276714,1.5707147082357187,4.614226333961139
29902,2.0363532428560482,6.3653339794126,1.677783667792154,4.209832280662117
30000,3.637668612327675,5.9636045825250505,2.472188735330039,4.389706155124895
30100,1.5294636861322393,3.266134028547231,1.2354235593729,3.989990648085307
30200,1.0163884139935784,2.249672410164132,0.9401152639398189,2.184123634425912
30300,1.2249201318763157,2.20622355945591,1.5499820611200517,2.4232981672796328
30401,1.4934723587386145,6.372064242139654,0.17272845241454263,2.5793941532025957
30402,0.6175264993968131,1.9383660353343275,0.6285687025640762,1.951892210951099
30403,0.2656961838156491,2.1625847343493985,0.5939895889764557,1.4984799763566263
30501,0.12737801298694112,1.460906738765776,2.0156775170972687,0.8324710547813551
30502,0.17861034786279686,0.9628046426884549,0.17995796061622468,0.4635280137290601
30601,2.1353121253618097,3.873706063017384,1.3371763293671788,4.337595954149136
30602,0.9427926411108434,3.777046700720226,0.4041285169201384,1.6354252405575627
30603,2.2973647536635627e-4,0.36971184868142315,4.5302173267221707e-4,8.989391527133454e-4
30604,0.07052472914799306,0.3134101900313218,-0.005553199749408735,0.2340627771614834
30605,0.4744207527902391,0.5226124113172709,0.17919941080941093,1.0828916196267662
30701,0.23606440072232004,0.6221151423688249,0.30186335030895095,1.3737821225578195
30702,9.30925612421005e-4,0.014551466414332028,0.0024307526893431308,0.013963192766287389
30801,0.0962010350585037,0.33612679574657384,0.1407139813831937,0.6885327279364009
30802,0.3321476602028255,0.7240940462991524,0.8306617335627762,0.9995475593089397
30901,0.12971272181045002,0.26412767875529297,0.282489350615249,0.5606711628042811
30902,0.041414261767000776,0.6057874643584934,-0.05514707993168617,0.7012768921659784
30903,0.33507722700304,0.7397548680553662,0.18637058307317825,1.3398553102716475
30904,0.2598209828370241,1.9322675634152884,0.16721005795585084,2.2838093013352534
30905,0.09595985426569105,2.960774413054586,0.03267086451766469,0.309320927750818
30906,0.30271365711883724,1.3281765058267834,0.07606892811856546,0.8290390700452122
30907,1.061456566350674,3.2778558868033416,7.748649800810704e-7,2.040586144563983
30908,0.07722841849186096,0.39397686269329113,0.44436629319805987,0.5551133299063541
31001,0.10402430366980298,0.30975728031161714,0.1043018814137971,0.8829351234203388
31002,0.029034984669817417,0.07160196991711539,0.2463776469215478,0.2908971944910377
31003,0.09708798992760768,0.09229277497151349,0.04958744520896137,0.11961075802324624
31004,0.1728579938216157,0.5662783503123592,0.1401509311093226,0.8801210494492498
31005,0.07961774395934719,0.07363105698581357,0.035044403916199625,0.15691284244696316
31006,0.11998340053974457,0.246525222900788,0.03994541361657235,0.22536266726190643
31007,0.09035255757424131,0.7701690396573571,0.22105115312415238,1.6982742685358485
31101,0.8091133979929027,3.0926667919702693,0.6046327278715206,2.9027216626373056
31102,1.3157045024043117,1.9551584365938524,0.5140043524135743,1.932296388339359
31103,0.7589871126492969,0.674525748990748,1.311106191656137,2.372696745300321
31201,2.0737670962816934,9.55638553253528,0.9614314812841144,5.390923020628418
31202,0.6488161068825506,1.5458550182857778,2.7858447009169476,3.3058308317081244
31301,0.9934413385878236,1.5911992603644882,0.7658889045977301,1.2406429978459599
31302,0.16595836420738092,0.8061916674434144,0.037287043191282815,0.27360076298261254
31303,0.38829638074210926,1.073148030037012,0.4457925886991237,0.523600925305162
31304,1.537644796674916e-7,0.6855196358021334,0.0116592827871879,1.1388434221057002e-6
31401,0.28743954750229456,0.7819699218790127,0.3561308037299841,1.042001129654421
31402,0.004351153105162098,2.468359106684862,-0.0548706439424973,0.01596361704741359
31403,0.006068722343622015,-0.014511338581298463,0.3101191363525086,0.02312661180811558
31404,0.015065919447071844,0.18587949009055854,0.0076673681668479625,0.057489016921168055
31501,0.32882792042118564,1.0214699416589417,0.6385196970241984,3.804605226102597
31502,0.3342366635904012,0.09700983081594522,0.0012400217650565537,1.1591722185227533
31503,0.36234361948660404,0.22439488346206715,0.4100877654758012,0.40991485208494843
31600,0.7951661113308366,2.4827016240835573,1.1272798708633762,1.9018366174903345
31700,0.17571070337976555,0.6829499292902496,0.4573798900537536,1.0369901057140656
31800,0.29433693084182583,1.2129370564628672,0.2648080041202277,1.0420546968177102
31900,0.874096680119288,3.1353353487450066,1.5805716079835619,5.421683152778414
32000,0.45499469205344545,2.224850890101766,0.3201028507091323,2.141580850768504
32100,0.41811530784943646,1.2819492971369595,0.43135288206653194,2.4502720238382483
32201,0.17840136485455502,1.0576422515212667,0.7689757285566188,0.5268725002863619
32202,0.7569604425240278,0.8989341657755493,1.0529293528837225,1.2911458242385951
32301,0.35777293715325537,0.8047953482177661,0.37343631637454133,0.7406535142930996
32302,0.4539633155591649,7.855825023988084,0.5019282153809476,2.5978617861080266
32303,0.40174350244957757,1.6981798117917282,0.6665756607086356,5.745151393479579
32304,0.16105492558453072,1.5049727563169313,0.2966157382029324,0.6376848759789107
32305,1.2098401452463432,0.46939963183365513,0.8797952022762305,1.0616789481497284
32306,0.39944044919858057,2.134045814952914,1.6375272383199835,2.0193932484151085
32401,0.11644525949888715,1.0248109930543086,0.45843398282891534,0.6566443567025614
32402,0.32612825436778003,1.161502873795176,0.12219807996394315,1.0309204484899837
32403,0.06922512143856036,2.0803150054476713,0.833976360995145,0.36497926453917173
32501,0.16182391976531804,1.6615917254601495,0.4275103446864824,0.43612488331424076
32502,8.647356991926043e-4,0.007210504383822679,2.132687991369519,0.0021554378019215752
32503,1.0844484507622888e-4,0.04777272812658242,0.29397562847467246,0.0016261900905638934
32601,0.9133409599907417,1.7843236975426586,0.5463663486320536,2.433400241860656
32602,0.0928150885978201,1.7433699795254094,3.1240746183780113,1.9531103403843988
32603,0.1402955019048946,0.005349359676318143,0.003154974213764995,0.1983725808706944
32604,0.28983080871622885,2.2774480771877035,0.1459285430524283,1.9249810922134918
32701,1.1680242857050556,6.2651832111259464,0.6057644390464602,2.7959814153721094
32702,0.6232215399671285,1.7731146445524766,0.6532830247254316,1.590419348227175
32801,0.9020821028893964,1.4489867772241132,0.7478050193680974,1.516086239013727
32802,0.7245837329142625,2.0708180989035037,0.6407949616294673,1.6184015203538848
32900,1.342035925044011,1.1178271795151318,0.8731695857532095,1.4317478231896126
33000,0.8338417862552863,1.5868578148842372,0.5612687790820783,2.153558315994877
33100,0.8155239936544012,2.772738069893609,0.7692480443545349,2.601443099096313
33200,0.5249286744513443,1.7365277295578658,0.9889314493924277,1.4592296757036598
33300,1.3341313345355488,1.9292407744610685,1.3295695708905528,2.9026415710936657
33400,1.0200199672955022,3.208222760805981,0.6384639738021369,3.2498387400056474
33500,0.7330897995069142,3.161447660948288,0.4277686124637382,2.3064894086862675
33601,0.5688927372059364,3.484211526008291,0.33115311268554753,1.2282610993190093
33602,0.5034193951115181,0.9585060508394808,0.33757776838639425,0.9292412205322519
33603,2.5650509928639376,3.4236980120050884,1.8680251956127196,4.642126161074864
33700,0.9977894570974957,3.96600788053402,0.7403568272447145,2.467922989327082
33801,1.8841962889359463,-0.3908334745905506,1.1159130567592574,-0.35240992988949926
33802,0.8183014037659664,2.5742308233832647,0.6785886721897402,2.3339692292562426
33803,1.3639431485194415,2.485643798052332,0.5509151940130566,2.9285772317178433
33901,0.9126690858644294,3.3164214164999253,0.5331419412344758,1.7201170339903271
33902,1.282400111537078,3.8638640318645305,1.1283907584998232,4.344973277374478
34001,2.9028822017110536,4.821961686854378,1.7691938947446142,2.984714070474612
34002,0.4515324471696955,2.1167828862138056,1.9731012675889599,0.7470947996280688
34201,0.020793697040283454,0.1148938439586392,0.007433578900935977,0.0764008586407629
34202,0.7530622430705434,0.0935606242153751,0.08943302565642045,0.21724496624977568
34203,0.7253505400185833,1.2285505457202512,0.26287893453714045,0.8437058213304459
34204,0.01610686938808688,0.1669426316301984,0.014940601008485524,0.037356134604988565
34301,0.23369221304538002,0.4703544385613233,0.14742884740677198,0.28653870057695996
34302,-0.0026537239793987684,0.16848299195243857,-0.009056965654205365,0.015390529425050354
34303,2.1557615716524876,1.6405503270350763,0.023280367752723425,1.5247465659382848
34304,0.02533226882544031,0.3611891389484104,0.05448694801207724,0.04713921447560665
34305,0.0851141734046084,0.08093272946209953,0.07137815610916062,0.11125870673086728
34306,0.03792760686741935,0.011817253262701603,0,0.10225979345185417
34307,0.025824090246388605,0.05478556795976277,0.029731150240092714,-0.004674774184847408
34308,0.14165158120418436,0.6529095282936558,0.08707536252645395,0.4321001806504242
34309,0.11209225004099228,0.015390310657080266,0.18817566121097368,0.7254452969548961
34401,0.015038560073984778,4.704845098122356,0.07277191910664745,0.030053201427939772
34402,1.0660205140070151,3.0632689901794996,0.20900050602591688,1.0366854160030061
34403,0.3684867094173683,0.3148563973190985,0.899098807960033,1.9163658768163168
34404,0.19290882102278656,0.046749252524662666,0.11482770334880912,0.5588988495176345
34501,0.46304234833662555,0.2872331152244507,0.3689234877497761,0.10500895272074524
34502,0.032885204276043266,1.1910282591356594,0.30176202498087906,-0.31280442774800576
34503,0.6504771811877507,1.184160610353317,0.659486735190487,2.254242696467761
34504,0.5115327548868374,0.6595063110459571,0.15741107475333158,0.8505183961430458
34601,0.02276834410092003,0.22389704642652727,0.039444972538262846,0.07032083905257432
34602,0.023415203305903434,0.13125196459560992,0.012667520677464633,0.4970316882761582
34603,0.44800850821469373,0.28362506193591996,0.04440387326579039,0.42043874857292507
34604,0.03356368416765084,0.07595635958880718,0.023428902462177978,0.08227412871617293
34801,0.023889003089728866,0.14809870403088407,0.08225282943701333,0.21014802221103476
34802,0.8277568378271793,0.26138322404313213,0.23996746166207097,0.33278622863508345
34803,0.04027036518133779,0.1589228781628143,0.43958246575332144,0.2838332858550124
34804,0.03920461285776216,0.14115975630553684,0.01041125605098614,0.051308037889400894
34805,0.13942311959024462,0.4339120745219459,0.4678093226671921,0.3534590802805379
34901,0.7987075689057744,1.9382274871007585,0.4748622277477889,2.518907141415274
34902,1.1929355049346284,1.0705457624765253,0.22338330187229377,2.926477924349327
35001,0.8315731398630761,1.8975002879260745,1.0118716393152198,3.074003847194824
35002,0.013178206764629231,0.04388054619606611,-0.08433365975292872,0.018027685838128655
35100,0.6505732347172187,1.1459108362393777,0.6852644298473567,1.2674797879573507
35201,0.46664435889532185,0.9554945471364819,0.36484274135754907,1.052326739183922
35202,0.019234433655089655,0.13495961933829548,0.00920257462827978,0.06322701091753988
35300,0.12756455601219752,0.4102660647008876,0.05923131972118741,0.3062995145481397
35401,0.23977137458484854,1.102070714497724,0.581131435744532,0.7141228137688418
35402,1.8622006917551401,0.8166214228258235,0.8033218472481786,1.6368735013652116
35500,0.14622425198815847,0.5815926261659753,0.10061133770016618,0.3209919725211462
35701,0.18812836999156107,1.0219916531264062,0.5701402973307128,0.8313664282917064
35702,0.43402273330946806,3.30034289168166,2.8003965185790647,3.3425694795239127
35801,2.279753903315744,5.824003090777418,0.645299142283226,3.415554777253469
35802,0.35313131195520003,2.411175912067977,1.0404315913908766,1.9517287361558417
35803,0.08556268740479804,0.07818705900969496,0.12027204902292649,-0.08378425815237733
35901,0.8867671354981126,1.6463491510163195,0.5935667363346934,1.3051901810226445
35902,0.13881830297136707,0.599207621150971,0.4571125350268643,0.5924276369691991
35903,0.10289449727769313,0.21064323915652494,0.16589931475695924,0.1101211635105973
35904,0.16015990972794233,0.21518203047402756,0.5520010636423459,0.4657760111433212
35905,0.002507506481682261,0.2717153849282892,5.76958991587162e-4,-0.047824113363666196
36000,0.8886721603318666,1.795446157687251,0.9820495811960283,4.565463451233699
36100,0.8133369101507874,2.5246300631976784,0.7183669274608325,2.0439825734302417
36200,2.1048928750954783,5.614168605024881,0.7341649145238163,3.5788707046949146
36301,0.435708359268106,1.4510759736091916,0.9726490337404862,2.9219027423234056
36302,0.22199448305469913,0.5876765858034056,0.20609519904913515,0.41600908016537885
36303,0.10002403871244464,0.13155425123029982,0.5303312506634307,0.22147754224044597
36401,0.06657301161169865,0.1373853543255369,0.07950098730453369,0.10722634952277195
36402,0.02132682043769386,0.2684212920687149,0.054083642868031724,0.19151661507330736
36403,0.5247530501336881,2.266130637790208,0.5536723006450947,5.768893169477037
36404,0.2733437649445008,0.7092294579335399,0.05700952467032067,0.6686395699658807
36501,0.5882422052982229,1.5983024224317912,0.3246437437792022,0.9096398990280465
36502,0.22286497392795152,1.4040629733345409,0.3727045125924633,0.49430135787198587
36503,0.10641247991265522,0.7283148251114622,0.32235782111993355,0.493152629679641
36600,0.30285560448793564,0.75761421748384,0.25497209455363623,1.0336319237804303
36700,0.16233324575890823,0.6031307982018116,0.9989477201436487,0.23667242496759605
36800,0.7987426489803617,3.1381633022609536,0.5857283290904481,1.8135498670503736
36901,0.13687658968907593,0.3961167022300824,0.2805487042418993,0.12649728086035086
36902,0.21966734558202933,1.6458572092885708,1.1547637566944282,1.1888222831862905
37000,0.4532477833956536,1.593750816859476,0.674785161913694,1.022152643249206
37100,0.24528081606777372,0.7510322941232215,0.11565896519835364,0.8905195974150258
37200,0.47003055223346024,1.562652753546259,0.48125566578623896,1.2023752791172373
37300,0.4094305569809172,1.0744544907346887,0.3482971300806145,0.8684764417400359
37400,0.5284132489581715,2.020141865635061,0.31098797636761666,1.6212988621669426
37500,3.150078996641554,7.323061855118823,2.512860408295051,10.726591309165313
37601,0.021823165735901127,0.15766557777729825,0.04403617949827145,0.06432787497538633
37602,0.009607913307839845,0.1432010125472516,0.4164305058145601,0.04119506143258686
37603,0.04587425742761929,1.4258039756068035,0.30213558324987844,-0.1656659258066335
37604,0.42950184211701636,1.1721995870642907,0.26490052334379005,1.384547248139033
37700,1.0095916174949415,3.2533668508991402,0.9523190913166897,2.651579970113218
37800,0.6828351631199634,2.0523204020725565,0.4681548327577134,1.8024755044988923
37901,0.25491915867302545,0.3819705375587944,0.24453585293905353,0.40274241024979424
37902,-0.07535082812243526,0.040103146852418704,-9.991424406052829e-5,0.029867298770329044
37903,0.03691900364960551,0.07724788327461089,0.008935235278184133,0.09177328505184539
38000,1.5161588693195227,3.0828437534173427,1.5250948365563495,2.6323878026014578
38100,1.1723108906445538,1.540398703592477,0.3133081606182718,1.6192754690705158
38200,1.4780659387695432,2.2479613594367835,1.08631547523493,1.7511504899583563
38300,1.2769402875707854,3.5872528066119513,1.2611468483203359,2.6419569144190214
38401,0.17090879039340973,0.733753266499824,0.21317622034125575,0.37176882793250093
38402,0.1887577488209619,0.6297829213307844,0.09716287717166001,0.2582636917116789
38501,0.5858446559390431,2.9229318767996966,1.9281157087785534,4.340779085190738
38502,0.21308643837995886,1.049396972551924,1.0270781482855955,2.165697960025089
38601,1.396654624355183,2.614562240645172,0.7831240591900094,1.5693370495746706
38602,0.6671318032925674,0.5774992958616489,1.927077044734915,4.171563207041779
38700,0.38968999525526116,1.7996271126293706,1.373373825153009,1.2986990250920323
38801,1.5312842388284675,2.9583733036756135,0.6698083645270769,3.101489300072945
38802,0.9547379790172607,4.02944807479573,1.314952214886031,3.501962337298222
38901,1.1437263124571824,3.2250424115446488,0.6178927368992757,2.0706464553316146
38902,0.560872125461525,0.31508719373747396,0.2920810059352637,0.9075155083290046
39000,0.7990241287464922,1.6274759950455704,0.49547500420663987,1.214674785247486
39100,0.8117453838194791,1.3045317475021296,1.161090385359221,5.361175243835737
39201,1.0513215536549787,2.758190324855475,0.29077287512526695,0.6023166179360625
39202,0.12410340612150764,0.5931880558526968,0.18067293240063817,-0.03860010845421615
39203,0.3655884699701851,1.2069865884406081,0.6247163792213999,0.8791053357334767
39204,0.002981671752490595,0.07827925994048104,-0.006604731305736146,-0.0404992664691609
39205,0.08284894110987454,0.5352372917590337,0.30525093894621275,-0.4928610198170093
39301,0.8207939849469723,0.36133142633571785,0.18395808999549165,0.5166663802262913
39302,1.3238593748350336,1.3404235638828028,0.7063752943629935,2.86817627822516
39303,0.1650705700373894,1.2930618362324253,0.18831493017223186,0.2948957924263951
39400,0.6769764446725388,1.7118043346269551,0.533215688479349,1.2450889901436692
