czone,lon,lat,pop1990,counties_in_cz
100,-82.3679178862647,36.44922623953307,524270,10
200,-83.37170940635045,36.02325200788826,180775,5
301,-83.62114033416172,36.60961286795999,64382,3
302,-84.05469141779733,35.9746091956777,634523,8
401,-80.36623438415037,36.184691305637216,423152,5
402,-80.01890525213906,36.683103708314476,90577,3
500,-79.74559387593385,36.10411333248924,904324,8
601,-81.25563317091493,36.268591513896716,81602,2
602,-80.9539166518298,36.664534056720555,59132,4
700,-81.91106011634537,34.94038469684141,316059,4
800,-81.38753195488552,35.34658589369939,367044,4
900,-80.75563367723281,35.199800942102094,1098606,9
1001,-81.78056251401998,36.243155137760155,65585,3
1002,-81.90417537919832,35.77551230941342,141277,4
1100,-81.18468819301931,35.795332207615736,309596,4
1201,-83.41548710615416,35.06138459529974,35147,2
1202,-83.33835842432136,35.34693083668064,45310,3
1203,-82.61279901762407,35.52755348422438,333521,5
1204,-83.94807476313161,35.01208525392863,46072,4
1301,-79.951224626424107,34.62342372348318,67938,2
1302,-79.43927700174538,33.97052646471532,466378,7
1400,-79.12065677769553,34.99443135701274,563232,7
1500,-78.1596667188782,34.28339064866331,278374,5
1600,-77.85343828355312,35.86483363605391,199296,3
1701,-78.76501726625477,35.83990849482418,1033266,10
1702,-78.31565840787435,36.374534637534055,56157,2
1800,-78.07979190974588,35.18305066113942,191958,3
1900,-77.29599418222405,35.10104294984703,485375,8
2000,-76.22375465082683,36.74260034280729,1046518,11
2100,-76.61689845723333,35.68002489970098,113371,6
2200,-78.43389914254375,36.91451620580196,144503,9
2300,-79.2236888556341,37.361379169396685,206226,6
2400,-77.44559344500303,37.44427747442833,901877,17
2500,-76.54249839396294,37.124793178252574,507398,13
2600,-77.38547465777754,36.31559136672315,133384,6
2700,-89.01922475262202,30.5804316119982,388725,7
2800,-89.12396680733296,31.737039198677948,113460,4
2900,-89.38311852148293,31.281802962013394,140181,5
3001,-89.85678045026819,33.10635989472371,40085,2
3002,-90.43844493841658,32.89265027651435,37640,2
3003,-90.20485939888542,32.292209602534356,489514,7
3101,-90.35380091120821,31.183985165016438,99784,5
3102,-90.35284079745415,31.537584303163605,42736,2
3201,-92.02020129862095,31.672003989485177,24727,2
3202,-91.38192246849187,31.5229843471478,71664,4
3203,-90.94105323068213,32.237084156832495,80366,4
3300,-90.0185989488925,29.986150273208352,1328455,9
3400,-90.87138788376106,29.57661185802542,263681,4
3500,-90.99327033967432,30.523179657850896,709562,10
3600,-92.425048542002,31.210482054106173,188241,3
3700,-93.23066802404895,30.4593511639586,321386,6
3800,-92.05661784754892,30.228184242934155,496579,7
3901,-92.04989468036504,32.500546256617334,247645,6
3902,-91.3580326690212,32.76361110517384,21802,2
4001,-93.3309694600102,33.221571681468276,35334,2
4002,-93.64722996010276,32.508013625843844,481136,8
4003,-92.63577042835632,32.392709658202094,73719,3
4004,-93.554703,31.564016,22646,1
4101,-91.767937,33.191181,24319,1
4102,-91.79459753362075,33.96359645403277,168631,7
4103,-92.69117126992549,33.41754016966991,92733,4
4200,-92.3514408385503,34.802842156388216,554185,7
4301,-91.36912967530114,34.514674916643145,42504,3
4302,-91.56704071719992,35.32638120346404,83140,3
4401,-83.99543322208353,36.97641440469318,128186,4
4402,-84.20446514848301,37.62660593176578,98880,4
4501,-83.4333397210442,37.65353414778028,46312,5
4502,-83.1207775805909,37.104162246975804,125405,5
4601,-85.22194734537756,37.218109307134185,75804,5
4602,-84.63796760650777,36.859938429320415,110053,5
4701,-90.0184547132425,33.58887915140149,80521,4
4702,-90.02559154738607,34.241965559884164,131220,6
4800,-90.84546136080633,33.46838882194102,151652,5
4901,-88.89087630270718,35.65967737392665,173871,5
4902,-89.45090989302918,35.89083423062972,84911,4
4903,-88.22302956535141,35.63851427990136,38928,3
5000,-88.73031212910206,34.13136802064709,177410,6
5100,-88.4379307752637,34.92486444382442,117738,5
5201,-88.99643333227937,34.65270384518871,49654,3
5202,-89.87807637198277,35.14692270897472,1017324,7
5300,-90.61785795029093,34.98097630231025,139552,5
5401,-86.48173455828892,36.93410315944738,141219,5
5402,-85.78407093807414,36.94272744067389,83277,6
5500,-87.09792462944111,35.526581364172905,128093,5
5600,-86.65983023241844,36.160001158447244,996401,11
5700,-86.19844330100003,35.38241813704671,110196,4
5800,-87.96427370341608,36.127462809085785,120782,5
5900,-87.46458337833012,36.655429259610976,207237,6
6000,-86.7240064825647,34.70699832557867,452760,5
6100,-86.05292719042248,34.34011564691581,273119,4
6200,-87.68207595258158,34.86641404861815,208379,5
6301,-85.67765396679947,35.80859987776671,72288,4
6302,-85.44800227617255,36.23172103746349,82854,4
6401,-85.23706331865633,35.09385476772614,446572,7
6402,-84.98914750083915,35.88528539275696,83418,4
6501,-84.38152695776567,34.7855038986376,29360,2
6502,-84.65911005883717,35.28899960127621,168312,5
6600,-85.0606759929137,34.41966569236209,346443,8
6700,-82.49522224530224,28.012429194238862,2067959,4
6800,-81.65268275919344,27.846851904508902,493313,3
6900,-82.21906911042842,27.230901533332904,624323,4
7000,-80.54893593794912,25.816181499654196,3270606,3
7100,-80.49767905430035,26.794919131066255,1177580,6
7200,-81.67095010384801,26.434773721603737,487212,2
7300,-80.72059896260727,28.165294434296975,489186,2
7400,-81.35475608518985,28.55685654630385,1256429,5
7500,-81.27722237098237,29.162114971226075,464483,3
7600,-81.69489996608587,30.29084821175545,963876,7
7700,-83.0183383979562,30.236761801598917,119581,6
7800,-82.19079520656636,29.09351500015606,288348,2
7900,-82.42879183348687,29.67720770651498,260538,6
8000,-80.39263751691408,33.998281611506656,193123,4
8100,-81.05249513556691,33.930370408817254,622711,7
8201,-81.2458871134738,33.07180755820469,67108,4
8202,-80.06919378049597,32.963404383472025,541252,4
8300,-82.47222580793076,34.690929960270616,767140,8
8401,-82.01981736437787,33.43141163963424,461606,9
8402,-82.84026821334298,33.69622217793807,31747,4
8501,-83.23996046276211,31.705078682935646,24894,2
8502,-83.71257872342905,31.995354061484292,36920,3
8503,-83.43658238263698,31.094631362337655,207199,9
8601,-82.569698311213,31.29454610927938,100330,6
8602,-81.59183218442469,31.258686383799436,82207,3
8701,-81.72481380216058,31.8308453640405,107749,5
8702,-81.893311410945,32.52709118613108,93504,5
8800,-81.06528261729245,32.14451073460435,359972,5
8900,-83.69602568320158,32.68830627120016,343193,10
9001,-82.62783153374615,32.03169369634066,98515,8
9002,-83.23220955701001,33.10522894445283,72803,4
9003,-82.85402901659523,32.636410748446515,67429,3
9100,-84.338099482929,33.819807789526934,2725351,18
9200,-84.2386999020487,33.146266232938125,119345,5
9301,-83.39973232085842,33.964700931817355,165746,5
9302,-83.08791375733122,34.35984029349099,78568,4
9400,-83.72980905728996,34.377463428834034,190941,6
9500,-86.03879499247348,33.187120591651606,137248,4
9600,-85.318197254783,33.46182784698911,396926,9
9701,-84.90119303074933,32.52379948255491,289795,6
9702,-84.27377078193823,32.155078561278685,60437,6
9800,-85.45619024102473,32.51270351661848,123116,3
9900,-84.59596528322966,30.520668179746565,349748,9
10000,-85.53668834549893,30.22978906545282,147465,3
10101,-84.6664065344722,30.935661468517928,40801,3
10102,-84.0271718046908,30.867482553395767,59265,2
10200,-84.1821869028463,31.533074154510963,166849,6
10301,-85.08900755726559,31.69300121646385,55880,6
10302,-85.56247610006423,31.286608308569384,210225,5
10400,-88.80270905980514,32.44420351476924,148315,5
10501,-88.38125903346254,33.38061332459427,92611,3
10502,-88.96525885331039,33.42039733432769,98221,5
10600,-87.55690147236834,33.90588908661489,153230,5
10700,-86.81867641422723,33.567207942482064,940211,6
10801,-87.4096965226441,33.01159725721913,243485,5
10802,-88.03189630949579,32.37065585654679,65429,4
10900,-87.03688556481157,30.705492203387205,515942,4
11001,-88.07630161975956,30.874663263101464,534425,5
11002,-87.19591100821322,31.32900574345934,73540,3
11101,-86.29311379362943,32.27593705833973,327067,5
11102,-86.24584393130695,31.529931789391057,77708,3
11201,-81.49147589943328,37.18386718103193,202920,6
11202,-81.60643442600005,37.48281904116905,64223,2
11203,-82.71051012271923,36.92702582552132,85936,4
11301,-77.49264416196819,38.271981445678065,170410,5
11302,-76.64681111047182,39.32838105954172,2348219,6
11303,-76.67208843350612,37.938392934962735,52862,5
11304,-77.14286304652202,38.90367842415762,4019817,19
11401,-87.2574534327582,46.260810543635515,125941,4
11402,-87.96048890664522,45.69861281102813,110064,5
11403,-84.80501295105896,46.27594396992614,51041,3
11500,-84.33451031427336,42.079893289162975,284663,3
11600,-83.32816846962169,42.53977508535364,5071793,10
11700,-84.5038709816074,42.643240097715605,432674,3
11800,-84.76737151255927,43.599295006022366,118558,3
11900,-83.96206566106466,43.55339835226056,526596,7
12001,-85.401176866439,43.99356773973638,104544,5
12002,-86.16224183851118,44.14869533338319,46802,2
12100,-85.4301613974036,42.2831027790849,479510,4
12200,-85.71888218269216,43.06027693180862,1108630,8
12301,-85.52614691260166,44.7514300897002,124682,5
12302,-84.84131395811858,45.42744106688657,67906,3
12401,-83.67371359480296,44.8003659870251,84702,4
12402,-84.40784084253147,44.63363923479849,85452,6
12501,-84.16372264584942,39.86540115916426,1168246,9
12502,-83.63510614400309,39.3719306660244,98609,3
12600,-85.04609237636981,39.792896920584695,104942,3
12701,-84.4613662681555,39.17825133747759,1798792,12
12702,-83.71735398096597,38.53754541625631,49753,4
12800,-85.15498861341865,39.183375189252395,119729,6
12901,-84.49106634207398,38.089098238213616,452598,13
12902,-83.81844398439365,38.0513057414762,34345,3
12903,-84.76478787807049,37.629117911350164,76413,4
13000,-86.07817041541757,37.704200891087154,162451,5
13101,-85.68538459977613,38.231666404089005,1005917,11
13102,-85.36009530042719,38.73824258914539,45179,3
13103,-85.35520969369814,37.72200641357458,56650,3
13200,-87.03613110856018,37.56251493278843,168349,6
13300,-83.36432284552593,41.06467466794266,240597,5
13400,-84.26590516892578,40.742490654909986,258066,5
13501,-83.64608183213139,41.619600501993595,816865,6
13502,-84.54679066667356,41.37030617005186,96794,3
13600,-86.38548460167296,41.68304249080968,629902,6
13700,-85.605173094025,41.67676475742282,323967,5
13800,-85.90477456576596,41.09573355766214,119203,3
13900,-86.1843052072591,40.621545418974684,184899,5
14000,-85.517154038149,40.227683407419576,413851,6
14100,-85.109167548578,41.05900849323786,505239,8
14200,-86.14134156040221,39.76515102895172,1282031,10
14300,-85.86856434058026,39.01977499006429,146039,4
14400,-87.22171272375263,39.564758896566815,246739,7
14500,-87.10200628620834,40.35263720277519,327328,8
14600,-86.6583114612104,38.99058280907371,255816,7
14700,-87.41474722806028,38.121596083758256,368692,9
14801,-88.20967397405971,38.411054241428275,57748,4
14802,-87.50628361536809,38.6979064223002,55856,2
14900,-87.30869945020115,41.39966891653668,643037,4
15000,-81.49914324549485,40.707163528036894,664018,7
15100,-82.30242501979488,41.28781057603088,404145,3
15200,-81.5341769717626,41.372316026112635,2588518,7
15300,-81.48932496193923,39.23796918657297,198078,6
15400,-81.85906875492061,39.90378271676236,178179,5
15500,-80.67979211887206,40.39756407566498,142523,3
15600,-80.80587972103291,39.920448375841296,203852,6
15700,-82.94308088563609,39.0600233658251,215234,5
15800,-82.09877394788992,39.075947185760235,138668,4
15900,-82.92551342436393,39.9792510044001,1450425,9
16000,-82.70552564664138,40.73654937629052,313537,5
16100,-78.20515470910553,40.897828623116425,292130,4
16200,-78.6332178107065,40.33772712833446,419708,4
16300,-79.89072755816908,40.44147609545072,2597833,9
16400,-80.64301193410573,41.106138092658504,818144,5
16500,-79.77577697687941,41.882346518644354,654568,7
16600,-80.17919048211171,37.2172830898197,433524,12
16701,-79.88881301786247,38.84531618571334,60238,4
16702,-80.15715965203076,39.462109240075165,253304,6
16703,-80.34885254851584,38.939903140932906,40090,2
16801,-81.01154008125273,37.86805830515121,173668,4
16802,-80.71945098440804,38.50370674745148,58171,4
16901,-81.65827893161232,38.266238301709905,350721,6
16902,-81.26923170658553,38.75874854009998,23005,2
17000,-82.54398327122964,37.64277161822643,212757,7
17100,-82.60410683574146,38.39702096760743,339337,8
17200,-78.77949915501875,38.59450572197447,149569,5
17300,-79.27663733655855,38.00486405999083,174460,12
17400,-77.84893298139808,39.67028974177366,363619,6
17501,-78.89498087916873,39.487482141818695,151186,5
17502,-78.26929102728812,39.20508771953588,96269,4
17600,-78.328958310343907,38.097327992238306,225466,9
17700,-75.93224590199256,43.09945610646677,1107773,7
17800,-75.20093311693938,42.4593202664347,159510,3
17900,-75.90068483177151,42.117067638818284,304877,3
18000,-78.19488554455543,42.95055842776543,2350758,11
18100,-76.92473950381425,42.23118604368293,348168,5
18201,-78.42131790916737,42.10378116100065,198552,4
18202,-78.58463459608737,41.42691866080753,40791,2
18300,-75.4815730056625,44.21529771952602,249713,3
18400,-73.87037700735584,44.56632656306399,169661,3
18500,-74.43392213591622,43.04111478730563,111451,3
18600,-73.85914110433978,42.79707953870366,1035703,9
18700,-76.84315051918213,40.874037256551496,187362,4
18800,-75.77402569906808,41.26461652240973,802085,7
18900,-76.99501517358036,41.44965327953517,222963,4
19000,-75.4852387517985,40.70072400042684,595081,3
19100,-76.16075144666434,40.29980001639507,1025674,4
19200,-76.96981807001998,40.155477774666494,958912,7
19300,-74.15365059719217,41.64710908447654,801690,4
19400,-73.73336674253574,40.78174551746073,10890583,9
19500,-74.25520614049904,40.10604453878176,986327,2
19600,-74.32903794578772,40.76365921832098,5358601,13
19700,-75.15761808156283,39.95597547221117,5379644,12
19800,-75.69331124949493,39.576269282729356,513293,2
19901,-75.5160726678029,38.654549491032945,357029,5
19902,-75.99637529968126,38.86413333825878,139615,5
19903,-75.72087455631758,37.645188791841655,44764,2
20001,-68.7687102622598,45.04199974550847,281530,5
20002,-67.637245,45.038254,35308,1
20003,-68.59877,46.658932,86936,1
20100,-70.19491979843593,44.24549300422247,659567,8
20200,-73.02926555609152,44.2950148472022,291889,6
20301,-71.81574604915605,44.66094851681485,93132,4
20302,-72.2832801845182,43.85262578072656,248653,5
20401,-71.39578723074813,41.775172298498,1509789,6
20402,-70.074158,41.278374,6012,1
20403,-70.658211,41.395393,11639,1
20500,-71.24183233202604,42.34723816875525,4680127,7
20600,-71.32094212929981,43.161642605338045,1055369,7
20700,-72.42342230024438,42.945858237133976,111709,2
20800,-72.63448504550574,42.22637673688574,672970,3
20901,-72.8777382947024,41.53769834539243,3287116,8
20902,-73.18321675814654,42.50668825832064,175197,2
21001,-90.72994887411522,46.16288987483394,45915,3
21002,-88.60957774701225,46.87369870051662,45101,3
21003,-89.69474642251733,46.450013325206456,33059,3
21004,-89.40622067148654,45.80555431878202,58162,3
21101,-91.5911452693896,45.58839349812609,83782,4
21102,-92.42121064901686,45.57113408901519,47857,2
21201,-94.34284589931887,44.86428382927337,67242,3
21202,-95.09872765634036,44.567163760385945,34927,2
21301,-94.2159835480368,44.18472750764103,144025,5
21302,-93.32809649461686,44.1887801374616,97991,3
21400,-94.26922270917643,45.58603800954239,209591,4
21501,-93.27865275350727,45.00006835311862,2496889,12
21502,-92.94884351042094,46.05480135642576,34066,2
21600,-93.8988445862748,46.9325442097496,119328,4
21701,-92.4530452870922,44.07990720324268,203412,5
21702,-93.03240285194123,43.6725346501526,70445,2
21801,-93.40830757398973,43.15647256283025,79484,4
21802,-92.36359788331457,43.2123393513769,71937,5
21900,-92.86090064865827,41.870951149502844,109523,4
22001,-92.27928701787539,42.55683595006864,217058,6
22002,-93.24858782474226,42.51387600334887,30458,2
22100,-91.43562302642313,41.57632021031791,184611,5
22200,-91.63534734930971,42.05717151543482,225270,4
22300,-92.52217918063714,41.13655009982334,139246,8
22400,-87.88611663255706,43.89521229983505,184298,2
22500,-88.60346664823314,44.1407875701531,489344,7
22601,-87.94085391258704,44.568123102276274,269388,4
22602,-88.86072448606157,44.95541969084423,60552,3
22700,-89.8915234808473,44.722238930556735,343633,7
22800,-91.46762378103531,44.60892758134676,283822,8
22900,-90.91501202296544,43.85393864665678,200301,5
23000,-90.3555094946649,42.83981175489836,111619,4
23100,-89.52244694487959,43.16203822148721,509140,6
23200,-90.94361459684735,42.570941964911285,159168,5
23301,-88.05780905883677,39.49461762729224,97830,4
23302,-88.45442724777102,38.984574286687945,97130,5
23400,-88.79089274447153,40.547704747504014,184997,3
23500,-88.50662386016572,39.982616881331026,375709,7
23600,-91.32886057412593,40.73809168934807,137543,6
23700,-90.37355732262354,40.69113633922551,148898,4
23801,-90.52497805661821,41.50154032240415,374685,5
23802,-90.5438781774898,41.974938050711366,70990,2
23900,-89.45877231302045,40.87194504664181,516618,8
24000,-88.39832607978366,42.673218021864884,517725,4
24100,-88.11805737141222,43.06890572118522,1576491,6
24200,-87.85270368430125,41.04310898261992,127042,2
24300,-87.91475363352842,41.8686319923009,7332926,8
24400,-89.25567807198397,42.14694827678325,567043,8
24500,-91.8765540618529,37.81005007138635,104894,5
24600,-90.42364223549934,37.77584770294455,123822,6
24701,-90.42378359073268,38.59145255218064,2221983,11
24702,-91.72096505361333,39.126670118098076,34954,2
24801,-90.33650804947165,39.743065074837446,84129,6
24802,-89.5784403288037,39.78559893206315,254766,4
24900,-89.88918113731184,38.9405897701311,368497,6
25000,-91.28928384211827,39.81987232465915,146027,6
25101,-92.435324589804,36.34295592113547,51785,3
25102,-91.79564241329037,36.89672359084492,80043,5
25103,-93.19121031968683,36.220648518876686,62458,4
25104,-92.21472649439738,35.624714672871235,43194,3
25105,-91.61627818337598,35.91688914788671,56665,3
25200,-87.69616888509688,37.48365864528622,148734,7
25300,-88.86864234170298,36.481769954634665,111076,5
25401,-88.63052038515801,37.05211700779995,131411,7
25402,-88.272278,36.621052,30735,1
25500,-89.07638503700299,38.47559163728683,135989,5
25601,-89.23004125652007,37.78914466822891,262229,9
25602,-88.44857067494632,37.72341007568113,38649,3
25701,-89.68563365871299,37.07972289472009,175893,6
25702,-90.54342466410768,36.790265217640844,68126,4
25800,-90.03465669950603,35.95162861335489,112558,3
25900,-90.6852706957521,35.9696607787841,177546,6
26001,-95.61745948884933,48.77416801245943,19102,2
26002,-92.37138293612973,47.3244882052209,279645,4
26003,-90.535591,47.902554,3868,1
26004,-93.783409,48.245319,16299,1
26101,-92.38229390956046,39.601220744373315,55761,4
26102,-93.3722039463807,39.39318683185641,48863,3
26103,-93.04954576974055,39.72845892770823,23087,2
26104,-93.56615965285083,40.19446856827267,14259,2
26105,-93.06902419640508,40.33011593809732,11405,2
26106,-93.11651759561579,40.82916799290496,29880,3
26107,-92.4812501926437,40.247478540493745,38117,4
26201,-100.87838598786591,47.01467573518225,106477,5
26202,-101.63969,46.358273,3549,1
26203,-99.7793856809711,46.26746269866644,11698,3
26204,-99.780113,46.980179,3332,1
26301,-98.81567334254188,48.14674911013216,24289,3
26302,-98.8909445588405,47.567935012835306,6934,2
26303,-99.7094304120983,48.753214892249524,16399,2
26304,-101.3934930819889,48.30411399301772,75620,4
26305,-99.89377561267607,47.84161287446418,13064,3
26401,-103.98881008196722,45.550256236128625,3172,2
26402,-104.41743,46.334007,3103,1
26403,-103.5084535864979,46.18001217699311,4503,2
26404,-102.48665569045588,45.9804598710075,10551,3
26405,-105.54852,48.78381,2266,1
26406,-105.15003876233521,48.18320856790961,13275,2
26407,-104.50465,48.721195,4732,1
26408,-107.14744169153857,48.32438607715266,13402,2
26409,-104.66562059746954,47.184679446266784,12804,3
26410,-102.67834586115585,46.89739222182859,27945,3
26411,-103.6107281252073,47.8955781473466,24120,3
26412,-103.37412103995561,48.443878632704404,27030,3
26501,-96.88017690916337,44.30959359972369,37639,3
26502,-97.24322177022138,44.02201366603965,13822,2
26503,-96.83761208429623,43.55881246842567,166686,5
26504,-97.1893499629751,44.895191766866134,36597,4
26601,-96.58133982662133,45.39560756354602,19120,3
26602,-97.30383496889952,45.57409471972764,21736,3
26603,-101.1229216302162,45.899627531297135,7956,2
26604,-100.03654541728763,45.51315055663189,8052,2
26605,-98.51320116593368,45.46362631778285,53889,5
26701,-95.2498789498879,47.43865358972801,90557,5
26702,-97.6506170025495,48.612023240568334,34909,4
26703,-96.17243878306272,48.14700680249097,28824,3
26704,-97.14019336336605,47.8341802011928,114353,4
26801,-96.94950446353546,46.85076198677615,186935,5
26802,-97.96216212613862,46.233087609941485,16577,3
26803,-98.6250063805671,46.895764729468,40169,3
26804,-98.237099,47.457222,3303,1
26901,-95.66010797207815,46.08941613344172,107013,5
26902,-94.63018654425977,46.14713605616976,66121,3
27001,-98.76603228061288,42.50123269777805,16382,3
27002,-98.88717840876444,41.65639878425311,10999,4
27003,-99.75178935794183,42.49625569574944,6705,3
27004,-99.57928635243833,43.27892077220549,12283,2
27005,-97.54189713717776,42.83846978444116,46006,4
27006,-98.14888355934254,43.717360262837715,26465,4
27007,-98.319396492891,44.373643170374315,20678,2
27008,-98.22294736733053,43.28925952069634,21139,3
27009,-99.35724479939351,43.83541096976659,10882,3
27010,-99.14198545576407,44.54769086327078,5968,2
27011,-100.10375881393499,44.41954906288775,18859,3
27012,-99.957344,45.064453,3190,1
27101,-95.42733135398039,45.07054051105964,83321,5
27102,-96.05855543918346,44.195199334423585,51976,4
27201,-96.03563562032497,43.14507661484494,57299,3
27202,-95.5073002282559,43.76274340014007,61396,5
27301,-94.78502150161933,43.190415937008126,61754,4
27302,-94.38103076781408,43.607441563088294,51420,3
27401,-95.31802644447691,42.60364597432057,54752,4
27402,-94.14551546491202,42.52368882294503,102471,6
27501,-93.64522868488515,41.71367899329064,524193,8
27502,-94.02444294142836,40.91293184920247,34795,4
27503,-95.06507293046062,41.535099419926034,35692,3
27504,-94.94543824152726,42.036563923636585,48243,3
27601,-103.04492715948032,44.13553229502759,145322,6
27602,-101.09957540100736,45.10611521813251,7743,2
27603,-101.58554664397425,43.9840080550138,5435,2
27604,-100.68964,43.960423,1324,1
27605,-100.72691361902946,43.27239752559825,10489,2
27701,-103.44985025348485,42.04281683106061,66000,6
27702,-104.45796745734576,41.29233312099972,86744,3
27703,-104.59642909445365,42.10586826488937,20518,2
27704,-102.35981731493604,43.030474902507805,19858,3
27801,-97.62230326810626,42.004331872831,54691,4
27802,-97.49183562303853,41.522672748623975,58502,5
27901,-98.4229620948156,40.48814471479758,41027,3
27902,-97.59093870032348,40.84738986572815,27206,3
27903,-98.39241751132379,40.935154136678534,71884,4
28001,-96.235261226013,42.43697045002181,174136,7
28002,-96.57485218992014,41.96319276750531,24921,3
28101,-96.74907035523982,40.713935612469314,273359,5
28102,-95.99802252628302,40.39472056281282,40159,5
28201,-95.11745170674642,40.840132004842125,49152,5
28202,-96.09880872976285,41.28299814226771,720297,9
28301,-102.8608332568549,40.42522491529193,35522,4
28302,-101.85816607417941,41.06634499567484,16878,4
28303,-102.33544,41.619415,2460,1
28304,-101.20960072020166,42.372788428159886,8331,4
28305,-99.78961269353437,41.451655403160345,13796,3
28306,-100.74351485559355,41.069554551809496,33932,3
28401,-104.6136032499476,38.80424412906344,443681,4
28402,-103.51397,38.988018,4529,1
28501,-102.56046,37.31921,4556,1
28502,-104.18363321747586,38.11982623916968,165577,5
28503,-104.31885143976938,37.427935102154336,19774,2
28504,-102.62367359020045,39.07221058868597,11225,3
28601,-100.74225257373737,39.78495522276094,7425,2
28602,-99.903419,39.784363,5947,1
28603,-99.1025661546109,39.78479647651697,11668,2
28604,-100.86073461420543,39.19517337324704,17613,4
28605,-101.72909273122214,39.26091946061507,8747,2
28606,-101.71200552274678,39.95886979072962,5825,2
28607,-100.86550494776333,40.268627726184825,21058,4
28608,-99.04230432811414,40.78507456554937,51732,4
28609,-99.7469551389879,40.603907580538966,44047,6
28701,-106.19407,38.746902,12684,1
28702,-107.04839966591173,39.52562671627662,83451,5
28703,-106.11837,40.102619,7966,1
28704,-105.75456558916117,41.60552794234924,32402,2
28800,-104.94039869339444,40.59685477381316,339896,3
28900,-104.83921857248642,39.73429445301489,1875828,10
29001,-98.82684385495944,37.50285332252027,19236,3
29002,-99.271896,37.191292,2313,1
29003,-99.96332118620174,37.691993999385915,37454,4
29004,-98.90965277012275,38.34441270010614,49931,5
29005,-98.11128049240435,38.06703219682102,79585,3
29006,-99.25609310108437,38.91475329334186,37533,3
29007,-99.531489985598,39.349963601127115,9582,2
29008,-100.12012731367042,38.48016071535581,6408,2
29101,-97.76095754964147,39.643358913219345,21756,3
29102,-97.80551823428065,40.176324967232915,12421,2
29103,-98.43467775907209,39.37595872220381,12070,2
29104,-97.68486566585308,38.83371495768759,58588,3
29201,-95.78202654621303,39.805704209696856,21574,2
29202,-96.73553121706252,39.783810621844715,18778,2
29203,-96.77249300651877,39.16767369927179,148034,6
29204,-95.61618558039754,39.00063383410317,292055,6
29301,-97.41855307353799,37.66210059672775,495499,5
29302,-97.45206076180041,38.23377538626658,71184,3
29303,-96.65975980055624,37.33973747104541,52496,4
29401,-95.33029227902618,38.24616425130275,48551,4
29402,-96.10536897528002,38.40624261247481,46157,3
29403,-95.66537946261774,37.07825780430181,147891,6
29501,-95.09515115766946,39.26859790092617,81303,2
29502,-94.49982025243382,39.00051214617128,1567702,12
29503,-94.66282564236897,39.72355719976994,148656,7
29504,-93.46977591138477,38.4875204397856,77797,4
29505,-95.05541702343749,40.32993661960227,35200,3
29506,-94.2122998138199,40.316784184040095,17757,3
29601,-92.28925880883251,38.80653046064244,257549,7
29602,-92.68573101925702,38.18481944404021,63769,3
29700,-93.16507430806061,37.30366970175856,361945,9
29800,-93.56402574304349,36.820039460799435,102422,4
29901,-94.55505947173508,37.18387971202592,237379,6
29902,-94.15225223010322,37.678426068183185,49895,4
30000,-93.3856556597339,35.366772847796994,117317,5
30100,-94.65351312097926,35.185307641601426,291240,8
30200,-95.22369922340837,35.69441930850452,137327,4
30300,-94.27909307066764,36.198245346479325,267534,5
30401,-97.01454020760282,36.124700975011024,72552,2
30402,-95.99267027624123,36.20110167496814,820055,9
30403,-96.05049557594555,35.603121139922145,48041,2
30501,-99.40431310633352,36.44330880494625,27536,3
30502,-98.10967033341424,36.375815587716836,103019,7
30601,-106.34243656824673,31.87578815621169,730035,3
30602,-105.68787959842237,32.82881053001699,64147,2
30603,-107.1925,33.130463,9912,1
30604,-108.19917725765306,32.449148276824374,51744,3
30605,-104.5174,31.447144,3407,1
30701,-104.39272407838129,32.95606301232458,106454,2
30702,-104.65760778401999,34.68025324656679,6408,2
30801,-103.08213758564402,32.87555951154616,91892,4
30802,-101.8595330338699,33.590980156058976,270417,6
30901,-103.29855796545107,34.433564646178674,68772,3
30902,-102.43377266487215,34.202694312888546,31206,3
30903,-101.96230139782654,35.17257663098403,210999,5
30904,-101.06632095199829,35.62028632167867,60977,5
30905,-100.26985096487516,35.236313749365216,9452,2
30906,-100.84104348098623,34.69850046082323,9572,3
30907,-100.77983,34.074097,1532,1
30908,-101.72558791738953,34.14373344938695,51301,3
31001,-100.86113889580594,37.994585390422166,43371,4
31002,-101.38581801375517,37.433938720220084,14540,3
31003,-101.19300170552897,38.481846817126566,9821,3
31004,-100.7025317809258,37.107776231275636,29013,3
31005,-100.89546660577295,36.277964130746724,18119,3
31006,-101.70576123301865,36.75562041687773,26058,4
31007,-102.13229584903561,35.92716956717359,26960,3
31101,-96.95766784910944,28.874971944106214,149963,6
31102,-96.73178366617287,29.754497852695046,38478,2
31103,-97.492523,29.456734,17205,1
31201,-97.7183305624173,30.349649830985168,887999,8
31202,-98.35249011218957,30.760245386935992,34308,2
31301,-98.4942935684414,29.44937722067416,1418118,10
31302,-97.78035278079277,28.579188989757917,37590,2
31303,-99.22032070935188,30.144020759138822,53508,2
31304,-99.22612,30.717718,3423,1
31401,-102.31273213749024,31.885519819274784,253938,6
31402,-103.33975692891246,31.510027387798406,37700,4
31403,-102.43840834693115,30.76843992070602,18753,2
31404,-103.73201560414736,29.98598654732391,17264,3
31501,-99.75881099229919,28.66135034419119,22595,2
31502,-99.10584863793655,28.721156023923953,18726,2
31503,-99.2993800471865,27.688430066329328,147627,3
31600,-97.95973586778518,26.308843259373297,701888,4
31700,-97.66017650771443,27.75374966846122,465297,9
31800,-96.31197591432998,30.667937421148704,169826,4
31900,-95.6418799755017,29.159220657142857,268590,3
32000,-95.40030291212987,29.84266552914029,3601782,10
32100,-94.17165028732875,30.14812049209011,453230,7
32201,-95.13821842240144,31.0726299236047,164552,5
32202,-94.39035546507439,31.61067819629763,94372,4
32301,-100.48203518320534,31.40983818736509,107939,5
32302,-99.72268858167503,31.52456648364769,23116,3
32303,-99.77414118575462,30.629189341073108,6374,2
32304,-99.9047299401611,29.583726986937457,32153,4
32305,-101.12897341849711,29.86467938351445,43250,3
32306,-100.31451,28.74259,36378,1
32401,-101.58264384588041,32.33864597994462,53452,5
32402,-100.40517357902593,32.4027268306587,21436,2
32403,-100.91273040419378,32.634658976066525,27660,3
32501,-99.68239838144929,32.37424601193392,178818,6
32502,-100.22709409512194,34.40544158914634,8200,2
32503,-99.97064611413076,33.38032233522145,16595,5
32601,-98.66696708791451,33.95239016637578,140375,3
32602,-98.59101168551524,33.19143544302812,26987,3
32603,-99.213531,33.616478,4385,1
32604,-99.40446788336786,34.12200577268223,22198,3
32701,-99.02924715013053,31.68875263942014,54013,4
32702,-98.29380545864983,32.0740084016088,49105,3
32801,-97.20158425362698,31.60001135711304,249106,4
32802,-96.37294842806782,31.76248183283532,89355,4
32900,-97.59329060401679,31.130021021162698,268822,3
33000,-97.36418149667936,32.75673980944324,1443402,8
33100,-96.7849386169153,32.850515968641766,2584139,7
33200,-95.73929963720907,33.31577691603175,163014,6
33300,-95.46910121285246,32.267556378218096,366249,6
33400,-94.66872562189535,32.449906275238824,269555,6
33500,-94.43847933748262,33.31196553482044,218995,8
33601,-98.28443938855511,34.57964341570417,167446,4
33602,-99.36861324374294,34.71873976779026,50463,4
33603,-98.92424,34.372787,10384,1
33700,-97.15734594720755,34.34679580424835,110584,6
33801,-99.25556599508948,35.46356896247777,61297,4
33802,-98.08756583912367,35.08221409237415,71297,2
33803,-97.38318273443794,35.470282473646584,1026679,9
33901,-96.43857012872147,34.71033480284627,65700,4
33902,-96.49620810319655,33.692322642843976,151914,3
34001,-93.30537655761893,34.26974925551809,184167,8
34002,-94.79266317921866,34.18994736424667,90716,5
34201,-109.89918696480113,48.57321160317876,26677,3
34202,-112.50755859194913,48.564387453644066,23600,3
34203,-111.32716366548158,47.37173504812642,91696,4
34204,-109.18417819473099,47.25754579741311,12602,2
34301,-109.09098855413464,44.522504350146875,33703,2
34302,-107.95950230734259,43.8371948974767,13197,2
34303,-108.63042,43.040531,33662,1
34304,-107.0038882177663,44.852524037545074,41044,3
34305,-105.55128453211009,46.316965245871565,13080,2
34306,-106.99281,47.277699,1589,1
34307,-106.59510329497365,46.09901928643552,13469,3
34308,-108.38517143145964,45.90128297092136,133053,5
34309,-110.3103269618696,46.52534390455104,4065,2
34401,-112.89889,45.132748,8424,1
34402,-111.05347520142818,45.546218550040415,74220,5
34403,-112.2997393508306,46.94612077651824,58752,3
34404,-112.80789476445577,46.075172621649465,53387,4
34501,-116.46288,48.767021,8332,1
34502,-115.4052,48.542526,17481,1
34503,-114.16477908049208,48.08107590633996,88928,3
34504,-114.00304127733338,46.816778851035394,107012,3
34601,-105.26783056869506,44.22711088616386,41182,3
34602,-106.93061,41.694592,16659,1
34603,-106.59986887276446,42.96379383569671,72354,2
34604,-104.47537,43.056511,2499,1
34801,-104.77776170176092,35.87183611031398,42932,3
34802,-106.10594455502331,35.8838365167253,174526,4
34803,-103.57232232599492,35.16730472099915,11810,2
34804,-103.47102,36.481754,4124,1
34805,-106.06641121546002,37.54270732638596,40207,6
34901,-106.73736821424563,35.079775068135945,623210,5
34902,-107.14842241068853,33.99364516875397,17327,2
35001,-112.40303492165694,33.334096345616096,2278696,3
35002,-109.73743624443031,32.99819795225971,34562,2
35100,-111.50407000130953,32.04925741758795,794180,3
35201,-108.33290316680048,38.85200633362169,144496,5
35202,-107.04339891340781,38.630053794692735,10740,2
35300,-108.14605238346195,36.737106291300904,129979,4
35401,-112.17621407439587,35.23739300966229,209474,3
35402,-109.05791499131018,37.468022391285785,32797,3
35500,-109.43982141821093,35.45332586659664,199935,3
35701,-114.51004762114808,42.65687386793685,97938,6
35702,-113.61888319980459,42.567866332193454,38893,2
35801,-116.3151871045566,43.49638445273635,340801,6
35802,-117.20484462114382,43.66635004978245,51022,3
35803,-115.87460092278116,44.80944316041867,9363,2
35901,-113.42713814974229,37.511979064103954,74114,3
35902,-110.95681915632541,39.40919831489353,46819,3
35903,-109.57111,38.981731,6620,1
35904,-111.75497960556845,38.55050479940062,20688,3
35905,-110.90366,38.324364,2177,1
36000,-111.75140711134857,40.06870173972003,280740,3
36100,-111.9602673864631,40.80239602779206,1129963,7
36200,-112.1812632820457,41.71012383359019,119392,4
36301,-112.01283736703738,43.25548462422183,237736,9
36302,-114.06374361856419,44.68024303081944,11032,2
36303,-110.73555899869962,43.892716256176854,14611,2
36401,-107.6638625438457,40.43724657908139,31417,3
36402,-109.84735066215285,40.18737350149185,34856,2
36403,-111.45376865716257,42.54400412508622,13047,2
36404,-109.6952501690974,41.729734952022326,77411,6
36501,-121.6548933875055,41.86494650360626,138509,4
36502,-118.96786,43.064026,7060,1
36503,-120.38746,42.793362,7186,1
36600,-122.08930689272404,40.60277145945052,196661,2
36700,-123.79831480976843,40.69395592746311,132181,2
36800,-122.97632310211542,42.41215061392187,209038,2
36901,-124.01415197232805,42.06595654420735,42787,2
36902,-123.5121360904197,43.237349130252646,154922,2
37000,-120.80799718144854,37.48987760465306,611683,4
37100,-118.72981,35.342907,543477,1
37200,-119.44640026480576,36.59013239884771,1168970,4
37300,-121.66291908754441,39.45420854144161,345836,5
37400,-121.19634401662204,38.454558785288505,2131027,10
37500,-121.64083154188768,37.031577704954266,2119668,4
37601,-115.51012762937935,40.64837035570178,50607,4
37602,-118.18579043073342,41.162916480325954,17180,2
37603,-120.79213800537798,39.94360418094288,23057,2
37604,-119.57338835696937,40.31638268729792,335575,5
37700,-122.95225975672093,38.7254364042947,519198,3
37800,-122.1228973603344,37.78152966951924,4137778,7
37901,-114.91493968891051,36.20562882488671,857856,5
37902,-118.43522,38.538811,6475,1
37903,-117.93115140631087,37.01456502787123,28237,2
38000,-116.73301,33.035835,2498016,1
38100,-114.64356430276874,32.90596520085292,216198,2
38200,-120.16009224261636,34.937330922225065,586770,2
38300,-117.80432250413378,34.229684629251864,14545373,6
38401,-116.51903685496971,46.24924648009721,79411,6
38402,-117.16503100587964,46.86364961452329,69392,2
38501,-119.27443422887319,47.16139939085151,68361,2
38502,-120.30917972786948,47.824636936205465,78455,2
38601,-117.22374472020071,47.66612879307558,497428,7
38602,-118.80493414304536,48.47614649953962,70593,3
38700,-123.29682903183289,46.499821847961385,201804,5
38801,-122.54982172445295,45.53203092802722,1458190,6
38802,-121.18480324702381,45.48213184087886,57120,4
38901,-122.86063550220983,44.499649603652394,788525,6
38902,-123.81032028085149,44.93507982622935,60459,2
39000,-120.73141860870898,46.53961168104088,215548,2
39100,-119.04810768014255,46.11412876149534,269370,6
39201,-117.87767487986636,45.07373930296801,38915,2
39202,-117.18108,45.57983,6911,1
39203,-121.10123422161662,44.04120337134654,102745,3
39204,-120.12862573401864,45.085674943784134,3113,2
39205,-119.00739,44.491249,7853,1
39301,-122.96276,48.578598,10035,1
39302,-121.71741,48.825668,127780,1
39303,-123.84456504947136,47.96986991776531,76610,2
39400,-121.9840145356944,47.473937674261066,3147582,9
